msg_id,message,category,label,source,clean_message,char_count,word_count,has_urgency_words
MSG_0001,Your OTP for transaction is 334053. Do not share it with anyone.,Banking,0,User Report,your otp for transaction is 334053 do not share it with anyone,64,12,0
MSG_0002,Your monthly electricity bill is Rs. 55580. Due date is 15th.,Legitimate,0,WhatsApp,your monthly electricity bill is rs 55580 due date is 15th,61,11,0
MSG_0003,Your monthly electricity bill is Rs. 325631. Due date is 15th.,Legitimate,0,WhatsApp,your monthly electricity bill is rs 325631 due date is 15th,62,11,0
MSG_0004,Urgent: Your parcel is held at customs. Pay Rs. 553 clearance fee to deliver.,Payment,1,SMS,urgent your parcel is held at customs pay rs 553 clearance fee to deliver,77,14,1
MSG_0005,"Dear customer, your bank account is suspended. Click link to verify details immediately.",Banking,1,WhatsApp,dear customer your bank account is suspended click link to verify details immediately,88,13,1
MSG_0006,Earn Rs. 326526 daily by watching YouTube videos! Contact WhatsApp +923008707870.,Fake Job,1,User Report,earn rs 326526 daily by watching youtube videos contact whatsapp PHONE,81,11,0
MSG_0007,Reminder: Doctor appointment scheduled for tomorrow at 4 PM.,Legitimate,0,User Report,reminder doctor appointment scheduled for tomorrow at 4 pm,60,9,0
MSG_0008,Your OTP for transaction is 183667. Do not share it with anyone.,Banking,0,WhatsApp,your otp for transaction is 183667 do not share it with anyone,64,12,0
MSG_0009,Earn Rs. 247717 daily by watching YouTube videos! Contact WhatsApp +923006960453.,Fake Job,1,WhatsApp,earn rs 247717 daily by watching youtube videos contact whatsapp PHONE,81,11,0
MSG_0010,"Hi Mom, I lost my phone. Send Rs. 368375 to this account urgently, need help.",Impersonation,1,User Report,hi mom i lost my phone send rs 368375 to this account urgently need help,77,15,1
MSG_0011,Your package from Daraz has been dispatched. Track at official app.,Legitimate,0,User Report,your package from daraz has been dispatched track at official app,67,11,0
MSG_0012,Congratulations! You won Rs. 130087. Pay Rs. 762 processing fee to claim instantly.,Prize,1,WhatsApp,congratulations you won rs 130087 pay rs 762 processing fee to claim instantly,83,13,1
MSG_0013,Your monthly electricity bill is Rs. 469469. Due date is 15th.,Legitimate,0,SMS,your monthly electricity bill is rs 469469 due date is 15th,62,11,0
MSG_0014,"Dear customer, your bank account is suspended. Click link to verify details immediately.",Banking,1,User Report,dear customer your bank account is suspended click link to verify details immediately,88,13,1
MSG_0015,Urgent: Your parcel is held at customs. Pay Rs. 3465 clearance fee to deliver.,Payment,1,SMS,urgent your parcel is held at customs pay rs 3465 clearance fee to deliver,78,14,1
MSG_0016,Your OTP for transaction is 757924. Do not share it with anyone.,Banking,0,User Report,your otp for transaction is 757924 do not share it with anyone,64,12,0
MSG_0017,Urgent: Your parcel is held at customs. Pay Rs. 3652 clearance fee to deliver.,Payment,1,User Report,urgent your parcel is held at customs pay rs 3652 clearance fee to deliver,78,14,1
MSG_0018,Urgent: Your parcel is held at customs. Pay Rs. 594 clearance fee to deliver.,Payment,1,User Report,urgent your parcel is held at customs pay rs 594 clearance fee to deliver,77,14,1
MSG_0019,Congratulations! You won Rs. 163878. Pay Rs. 4061 processing fee to claim instantly.,Prize,1,User Report,congratulations you won rs 163878 pay rs 4061 processing fee to claim instantly,84,13,1
MSG_0020,Urgent: Your parcel is held at customs. Pay Rs. 1963 clearance fee to deliver.,Payment,1,User Report,urgent your parcel is held at customs pay rs 1963 clearance fee to deliver,78,14,1
MSG_0021,Your package from Daraz has been dispatched. Track at official app.,Legitimate,0,WhatsApp,your package from daraz has been dispatched track at official app,67,11,0
MSG_0022,Guaranteed 61% weekly return on crypto investment. Deposit now to secure your spot.,Investment,1,WhatsApp,guaranteed 61 weekly return on crypto investment deposit now to secure your spot,83,13,0
MSG_0023,Your package from Daraz has been dispatched. Track at official app.,Legitimate,0,WhatsApp,your package from daraz has been dispatched track at official app,67,11,0
MSG_0024,Your package from Daraz has been dispatched. Track at official app.,Legitimate,0,User Report,your package from daraz has been dispatched track at official app,67,11,0
MSG_0025,"Dear customer, your bank account is suspended. Click link to verify details immediately.",Banking,1,SMS,dear customer your bank account is suspended click link to verify details immediately,88,13,1
MSG_0026,Guaranteed 72% weekly return on crypto investment. Deposit now to secure your spot.,Investment,1,WhatsApp,guaranteed 72 weekly return on crypto investment deposit now to secure your spot,83,13,0
MSG_0027,"Hi, please review the document attached for tomorrow's meeting.",Legitimate,0,WhatsApp,hi please review the document attached for tomorrows meeting,63,9,0
MSG_0028,Your package from Daraz has been dispatched. Track at official app.,Legitimate,0,WhatsApp,your package from daraz has been dispatched track at official app,67,11,0
MSG_0029,"Hi Mom, I lost my phone. Send Rs. 264496 to this account urgently, need help.",Impersonation,1,WhatsApp,hi mom i lost my phone send rs 264496 to this account urgently need help,77,15,1
MSG_0030,Guaranteed 27% weekly return on crypto investment. Deposit now to secure your spot.,Investment,1,SMS,guaranteed 27 weekly return on crypto investment deposit now to secure your spot,83,13,0
MSG_0031,Guaranteed 98% weekly return on crypto investment. Deposit now to secure your spot.,Investment,1,WhatsApp,guaranteed 98 weekly return on crypto investment deposit now to secure your spot,83,13,0
MSG_0032,"Hi Mom, I lost my phone. Send Rs. 187892 to this account urgently, need help.",Impersonation,1,User Report,hi mom i lost my phone send rs 187892 to this account urgently need help,77,15,1
MSG_0033,"Dear customer, your bank account is suspended. Click link to verify details immediately.",Banking,1,WhatsApp,dear customer your bank account is suspended click link to verify details immediately,88,13,1
MSG_0034,Urgent: Your parcel is held at customs. Pay Rs. 914 clearance fee to deliver.,Payment,1,WhatsApp,urgent your parcel is held at customs pay rs 914 clearance fee to deliver,77,14,1
MSG_0035,Your package from Daraz has been dispatched. Track at official app.,Legitimate,0,WhatsApp,your package from daraz has been dispatched track at official app,67,11,0
MSG_0036,Reminder: Doctor appointment scheduled for tomorrow at 4 PM.,Legitimate,0,SMS,reminder doctor appointment scheduled for tomorrow at 4 pm,60,9,0
MSG_0037,"Hi Mom, I lost my phone. Send Rs. 392995 to this account urgently, need help.",Impersonation,1,WhatsApp,hi mom i lost my phone send rs 392995 to this account urgently need help,77,15,1
MSG_0038,Your monthly electricity bill is Rs. 395738. Due date is 15th.,Legitimate,0,WhatsApp,your monthly electricity bill is rs 395738 due date is 15th,62,11,0
MSG_0039,Your monthly electricity bill is Rs. 259974. Due date is 15th.,Legitimate,0,User Report,your monthly electricity bill is rs 259974 due date is 15th,62,11,0
MSG_0040,Your package from Daraz has been dispatched. Track at official app.,Legitimate,0,User Report,your package from daraz has been dispatched track at official app,67,11,0
MSG_0041,Your monthly electricity bill is Rs. 321699. Due date is 15th.,Legitimate,0,User Report,your monthly electricity bill is rs 321699 due date is 15th,62,11,0
MSG_0042,Earn Rs. 117090 daily by watching YouTube videos! Contact WhatsApp +923007640184.,Fake Job,1,WhatsApp,earn rs 117090 daily by watching youtube videos contact whatsapp PHONE,81,11,0
MSG_0043,Guaranteed 16% weekly return on crypto investment. Deposit now to secure your spot.,Investment,1,WhatsApp,guaranteed 16 weekly return on crypto investment deposit now to secure your spot,83,13,0
MSG_0044,Your monthly electricity bill is Rs. 149041. Due date is 15th.,Legitimate,0,SMS,your monthly electricity bill is rs 149041 due date is 15th,62,11,0
MSG_0045,"Dear customer, your bank account is suspended. Click link to verify details immediately.",Banking,1,WhatsApp,dear customer your bank account is suspended click link to verify details immediately,88,13,1
MSG_0046,"Hi Mom, I lost my phone. Send Rs. 64309 to this account urgently, need help.",Impersonation,1,User Report,hi mom i lost my phone send rs 64309 to this account urgently need help,76,15,1
MSG_0047,"Hi, please review the document attached for tomorrow's meeting.",Legitimate,0,User Report,hi please review the document attached for tomorrows meeting,63,9,0
MSG_0048,Earn Rs. 484657 daily by watching YouTube videos! Contact WhatsApp +923008106422.,Fake Job,1,SMS,earn rs 484657 daily by watching youtube videos contact whatsapp PHONE,81,11,0
MSG_0049,Your OTP for transaction is 374680. Do not share it with anyone.,Banking,0,User Report,your otp for transaction is 374680 do not share it with anyone,64,12,0
MSG_0050,Urgent: Your parcel is held at customs. Pay Rs. 4003 clearance fee to deliver.,Payment,1,WhatsApp,urgent your parcel is held at customs pay rs 4003 clearance fee to deliver,78,14,1
MSG_0051,Your monthly electricity bill is Rs. 28889. Due date is 15th.,Legitimate,0,SMS,your monthly electricity bill is rs 28889 due date is 15th,61,11,0
MSG_0052,Your OTP for transaction is 475190. Do not share it with anyone.,Banking,0,User Report,your otp for transaction is 475190 do not share it with anyone,64,12,0
MSG_0053,Your OTP for transaction is 885884. Do not share it with anyone.,Banking,0,WhatsApp,your otp for transaction is 885884 do not share it with anyone,64,12,0
MSG_0054,Your package from Daraz has been dispatched. Track at official app.,Legitimate,0,SMS,your package from daraz has been dispatched track at official app,67,11,0
MSG_0055,"Hi, please review the document attached for tomorrow's meeting.",Legitimate,0,WhatsApp,hi please review the document attached for tomorrows meeting,63,9,0
MSG_0056,Reminder: Doctor appointment scheduled for tomorrow at 4 PM.,Legitimate,0,User Report,reminder doctor appointment scheduled for tomorrow at 4 pm,60,9,0
MSG_0057,Reminder: Doctor appointment scheduled for tomorrow at 4 PM.,Legitimate,0,SMS,reminder doctor appointment scheduled for tomorrow at 4 pm,60,9,0
MSG_0058,"Hi Mom, I lost my phone. Send Rs. 452321 to this account urgently, need help.",Impersonation,1,SMS,hi mom i lost my phone send rs 452321 to this account urgently need help,77,15,1
MSG_0059,Your monthly electricity bill is Rs. 149180. Due date is 15th.,Legitimate,0,SMS,your monthly electricity bill is rs 149180 due date is 15th,62,11,0
MSG_0060,Guaranteed 29% weekly return on crypto investment. Deposit now to secure your spot.,Investment,1,SMS,guaranteed 29 weekly return on crypto investment deposit now to secure your spot,83,13,0
MSG_0061,Reminder: Doctor appointment scheduled for tomorrow at 4 PM.,Legitimate,0,SMS,reminder doctor appointment scheduled for tomorrow at 4 pm,60,9,0
MSG_0062,Congratulations! You won Rs. 358251. Pay Rs. 3204 processing fee to claim instantly.,Prize,1,User Report,congratulations you won rs 358251 pay rs 3204 processing fee to claim instantly,84,13,1
MSG_0063,Urgent: Your parcel is held at customs. Pay Rs. 3845 clearance fee to deliver.,Payment,1,User Report,urgent your parcel is held at customs pay rs 3845 clearance fee to deliver,78,14,1
MSG_0064,Your package from Daraz has been dispatched. Track at official app.,Legitimate,0,SMS,your package from daraz has been dispatched track at official app,67,11,0
MSG_0065,"Hi, please review the document attached for tomorrow's meeting.",Legitimate,0,SMS,hi please review the document attached for tomorrows meeting,63,9,0
MSG_0066,Guaranteed 80% weekly return on crypto investment. Deposit now to secure your spot.,Investment,1,User Report,guaranteed 80 weekly return on crypto investment deposit now to secure your spot,83,13,0
MSG_0067,"Hi, please review the document attached for tomorrow's meeting.",Legitimate,0,User Report,hi please review the document attached for tomorrows meeting,63,9,0
MSG_0068,"Dear customer, your bank account is suspended. Click link to verify details immediately.",Banking,1,WhatsApp,dear customer your bank account is suspended click link to verify details immediately,88,13,1
MSG_0069,Urgent: Your parcel is held at customs. Pay Rs. 1096 clearance fee to deliver.,Payment,1,User Report,urgent your parcel is held at customs pay rs 1096 clearance fee to deliver,78,14,1
MSG_0070,Guaranteed 33% weekly return on crypto investment. Deposit now to secure your spot.,Investment,1,WhatsApp,guaranteed 33 weekly return on crypto investment deposit now to secure your spot,83,13,0
MSG_0071,"Dear customer, your bank account is suspended. Click link to verify details immediately.",Banking,1,WhatsApp,dear customer your bank account is suspended click link to verify details immediately,88,13,1
MSG_0072,"Dear customer, your bank account is suspended. Click link to verify details immediately.",Banking,1,SMS,dear customer your bank account is suspended click link to verify details immediately,88,13,1
MSG_0073,Urgent: Your parcel is held at customs. Pay Rs. 1803 clearance fee to deliver.,Payment,1,WhatsApp,urgent your parcel is held at customs pay rs 1803 clearance fee to deliver,78,14,1
MSG_0074,Urgent: Your parcel is held at customs. Pay Rs. 2459 clearance fee to deliver.,Payment,1,User Report,urgent your parcel is held at customs pay rs 2459 clearance fee to deliver,78,14,1
MSG_0075,"Dear customer, your bank account is suspended. Click link to verify details immediately.",Banking,1,WhatsApp,dear customer your bank account is suspended click link to verify details immediately,88,13,1
MSG_0076,Your package from Daraz has been dispatched. Track at official app.,Legitimate,0,SMS,your package from daraz has been dispatched track at official app,67,11,0
MSG_0077,Urgent: Your parcel is held at customs. Pay Rs. 3906 clearance fee to deliver.,Payment,1,SMS,urgent your parcel is held at customs pay rs 3906 clearance fee to deliver,78,14,1
MSG_0078,Your monthly electricity bill is Rs. 209429. Due date is 15th.,Legitimate,0,SMS,your monthly electricity bill is rs 209429 due date is 15th,62,11,0
MSG_0079,Urgent: Your parcel is held at customs. Pay Rs. 4973 clearance fee to deliver.,Payment,1,WhatsApp,urgent your parcel is held at customs pay rs 4973 clearance fee to deliver,78,14,1
MSG_0080,Guaranteed 64% weekly return on crypto investment. Deposit now to secure your spot.,Investment,1,User Report,guaranteed 64 weekly return on crypto investment deposit now to secure your spot,83,13,0
MSG_0081,Reminder: Doctor appointment scheduled for tomorrow at 4 PM.,Legitimate,0,SMS,reminder doctor appointment scheduled for tomorrow at 4 pm,60,9,0
MSG_0082,Your OTP for transaction is 584125. Do not share it with anyone.,Banking,0,WhatsApp,your otp for transaction is 584125 do not share it with anyone,64,12,0
MSG_0083,Guaranteed 73% weekly return on crypto investment. Deposit now to secure your spot.,Investment,1,SMS,guaranteed 73 weekly return on crypto investment deposit now to secure your spot,83,13,0
MSG_0084,Guaranteed 75% weekly return on crypto investment. Deposit now to secure your spot.,Investment,1,SMS,guaranteed 75 weekly return on crypto investment deposit now to secure your spot,83,13,0
MSG_0085,Your OTP for transaction is 359295. Do not share it with anyone.,Banking,0,WhatsApp,your otp for transaction is 359295 do not share it with anyone,64,12,0
MSG_0086,Your package from Daraz has been dispatched. Track at official app.,Legitimate,0,SMS,your package from daraz has been dispatched track at official app,67,11,0
MSG_0087,Earn Rs. 97969 daily by watching YouTube videos! Contact WhatsApp +923002813596.,Fake Job,1,User Report,earn rs 97969 daily by watching youtube videos contact whatsapp PHONE,80,11,0
MSG_0088,"Hi, please review the document attached for tomorrow's meeting.",Legitimate,0,WhatsApp,hi please review the document attached for tomorrows meeting,63,9,0
MSG_0089,Your OTP for transaction is 944657. Do not share it with anyone.,Banking,0,User Report,your otp for transaction is 944657 do not share it with anyone,64,12,0
MSG_0090,"Hi, please review the document attached for tomorrow's meeting.",Legitimate,0,User Report,hi please review the document attached for tomorrows meeting,63,9,0
MSG_0091,Congratulations! You won Rs. 455422. Pay Rs. 3941 processing fee to claim instantly.,Prize,1,SMS,congratulations you won rs 455422 pay rs 3941 processing fee to claim instantly,84,13,1
MSG_0092,"Hi Mom, I lost my phone. Send Rs. 90211 to this account urgently, need help.",Impersonation,1,User Report,hi mom i lost my phone send rs 90211 to this account urgently need help,76,15,1
MSG_0093,Urgent: Your parcel is held at customs. Pay Rs. 4908 clearance fee to deliver.,Payment,1,User Report,urgent your parcel is held at customs pay rs 4908 clearance fee to deliver,78,14,1
MSG_0094,Earn Rs. 456542 daily by watching YouTube videos! Contact WhatsApp +923008563202.,Fake Job,1,WhatsApp,earn rs 456542 daily by watching youtube videos contact whatsapp PHONE,81,11,0
MSG_0095,Urgent: Your parcel is held at customs. Pay Rs. 3604 clearance fee to deliver.,Payment,1,SMS,urgent your parcel is held at customs pay rs 3604 clearance fee to deliver,78,14,1
MSG_0096,Reminder: Doctor appointment scheduled for tomorrow at 4 PM.,Legitimate,0,User Report,reminder doctor appointment scheduled for tomorrow at 4 pm,60,9,0
MSG_0097,Urgent: Your parcel is held at customs. Pay Rs. 4732 clearance fee to deliver.,Payment,1,User Report,urgent your parcel is held at customs pay rs 4732 clearance fee to deliver,78,14,1
MSG_0098,Guaranteed 75% weekly return on crypto investment. Deposit now to secure your spot.,Investment,1,SMS,guaranteed 75 weekly return on crypto investment deposit now to secure your spot,83,13,0
MSG_0099,Your OTP for transaction is 825391. Do not share it with anyone.,Banking,0,SMS,your otp for transaction is 825391 do not share it with anyone,64,12,0
MSG_0100,Guaranteed 59% weekly return on crypto investment. Deposit now to secure your spot.,Investment,1,SMS,guaranteed 59 weekly return on crypto investment deposit now to secure your spot,83,13,0
MSG_0101,Earn Rs. 170758 daily by watching YouTube videos! Contact WhatsApp +923004231028.,Fake Job,1,SMS,earn rs 170758 daily by watching youtube videos contact whatsapp PHONE,81,11,0
MSG_0102,Your monthly electricity bill is Rs. 409606. Due date is 15th.,Legitimate,0,SMS,your monthly electricity bill is rs 409606 due date is 15th,62,11,0
MSG_0103,Congratulations! You won Rs. 446537. Pay Rs. 2090 processing fee to claim instantly.,Prize,1,WhatsApp,congratulations you won rs 446537 pay rs 2090 processing fee to claim instantly,84,13,1
MSG_0104,Congratulations! You won Rs. 381205. Pay Rs. 4875 processing fee to claim instantly.,Prize,1,WhatsApp,congratulations you won rs 381205 pay rs 4875 processing fee to claim instantly,84,13,1
MSG_0105,"Hi Mom, I lost my phone. Send Rs. 76206 to this account urgently, need help.",Impersonation,1,SMS,hi mom i lost my phone send rs 76206 to this account urgently need help,76,15,1
MSG_0106,Guaranteed 21% weekly return on crypto investment. Deposit now to secure your spot.,Investment,1,WhatsApp,guaranteed 21 weekly return on crypto investment deposit now to secure your spot,83,13,0
MSG_0107,Reminder: Doctor appointment scheduled for tomorrow at 4 PM.,Legitimate,0,WhatsApp,reminder doctor appointment scheduled for tomorrow at 4 pm,60,9,0
MSG_0108,Your monthly electricity bill is Rs. 169297. Due date is 15th.,Legitimate,0,User Report,your monthly electricity bill is rs 169297 due date is 15th,62,11,0
MSG_0109,Your monthly electricity bill is Rs. 209427. Due date is 15th.,Legitimate,0,SMS,your monthly electricity bill is rs 209427 due date is 15th,62,11,0
MSG_0110,Your monthly electricity bill is Rs. 398019. Due date is 15th.,Legitimate,0,SMS,your monthly electricity bill is rs 398019 due date is 15th,62,11,0
MSG_0111,Your package from Daraz has been dispatched. Track at official app.,Legitimate,0,WhatsApp,your package from daraz has been dispatched track at official app,67,11,0
MSG_0112,Guaranteed 52% weekly return on crypto investment. Deposit now to secure your spot.,Investment,1,SMS,guaranteed 52 weekly return on crypto investment deposit now to secure your spot,83,13,0
MSG_0113,"Hi Mom, I lost my phone. Send Rs. 460681 to this account urgently, need help.",Impersonation,1,SMS,hi mom i lost my phone send rs 460681 to this account urgently need help,77,15,1
MSG_0114,Reminder: Doctor appointment scheduled for tomorrow at 4 PM.,Legitimate,0,SMS,reminder doctor appointment scheduled for tomorrow at 4 pm,60,9,0
MSG_0115,Your OTP for transaction is 723948. Do not share it with anyone.,Banking,0,SMS,your otp for transaction is 723948 do not share it with anyone,64,12,0
MSG_0116,Reminder: Doctor appointment scheduled for tomorrow at 4 PM.,Legitimate,0,User Report,reminder doctor appointment scheduled for tomorrow at 4 pm,60,9,0
MSG_0117,Guaranteed 70% weekly return on crypto investment. Deposit now to secure your spot.,Investment,1,User Report,guaranteed 70 weekly return on crypto investment deposit now to secure your spot,83,13,0
MSG_0118,Congratulations! You won Rs. 57881. Pay Rs. 2375 processing fee to claim instantly.,Prize,1,User Report,congratulations you won rs 57881 pay rs 2375 processing fee to claim instantly,83,13,1
MSG_0119,Urgent: Your parcel is held at customs. Pay Rs. 1935 clearance fee to deliver.,Payment,1,SMS,urgent your parcel is held at customs pay rs 1935 clearance fee to deliver,78,14,1
MSG_0120,Your monthly electricity bill is Rs. 238529. Due date is 15th.,Legitimate,0,SMS,your monthly electricity bill is rs 238529 due date is 15th,62,11,0
MSG_0121,Earn Rs. 361342 daily by watching YouTube videos! Contact WhatsApp +923007906258.,Fake Job,1,User Report,earn rs 361342 daily by watching youtube videos contact whatsapp PHONE,81,11,0
MSG_0122,Earn Rs. 357384 daily by watching YouTube videos! Contact WhatsApp +923008630712.,Fake Job,1,WhatsApp,earn rs 357384 daily by watching youtube videos contact whatsapp PHONE,81,11,0
MSG_0123,Earn Rs. 179488 daily by watching YouTube videos! Contact WhatsApp +923001019311.,Fake Job,1,User Report,earn rs 179488 daily by watching youtube videos contact whatsapp PHONE,81,11,0
MSG_0124,Guaranteed 81% weekly return on crypto investment. Deposit now to secure your spot.,Investment,1,User Report,guaranteed 81 weekly return on crypto investment deposit now to secure your spot,83,13,0
MSG_0125,Congratulations! You won Rs. 116723. Pay Rs. 2687 processing fee to claim instantly.,Prize,1,SMS,congratulations you won rs 116723 pay rs 2687 processing fee to claim instantly,84,13,1
MSG_0126,Congratulations! You won Rs. 25135. Pay Rs. 2460 processing fee to claim instantly.,Prize,1,User Report,congratulations you won rs 25135 pay rs 2460 processing fee to claim instantly,83,13,1
MSG_0127,Congratulations! You won Rs. 127807. Pay Rs. 1429 processing fee to claim instantly.,Prize,1,SMS,congratulations you won rs 127807 pay rs 1429 processing fee to claim instantly,84,13,1
MSG_0128,Urgent: Your parcel is held at customs. Pay Rs. 2739 clearance fee to deliver.,Payment,1,SMS,urgent your parcel is held at customs pay rs 2739 clearance fee to deliver,78,14,1
MSG_0129,Reminder: Doctor appointment scheduled for tomorrow at 4 PM.,Legitimate,0,User Report,reminder doctor appointment scheduled for tomorrow at 4 pm,60,9,0
MSG_0130,Your OTP for transaction is 925981. Do not share it with anyone.,Banking,0,SMS,your otp for transaction is 925981 do not share it with anyone,64,12,0
MSG_0131,"Hi, please review the document attached for tomorrow's meeting.",Legitimate,0,WhatsApp,hi please review the document attached for tomorrows meeting,63,9,0
MSG_0132,Urgent: Your parcel is held at customs. Pay Rs. 3327 clearance fee to deliver.,Payment,1,SMS,urgent your parcel is held at customs pay rs 3327 clearance fee to deliver,78,14,1
MSG_0133,"Dear customer, your bank account is suspended. Click link to verify details immediately.",Banking,1,SMS,dear customer your bank account is suspended click link to verify details immediately,88,13,1
MSG_0134,"Hi, please review the document attached for tomorrow's meeting.",Legitimate,0,SMS,hi please review the document attached for tomorrows meeting,63,9,0
MSG_0135,Your package from Daraz has been dispatched. Track at official app.,Legitimate,0,WhatsApp,your package from daraz has been dispatched track at official app,67,11,0
MSG_0136,Congratulations! You won Rs. 388768. Pay Rs. 1680 processing fee to claim instantly.,Prize,1,WhatsApp,congratulations you won rs 388768 pay rs 1680 processing fee to claim instantly,84,13,1
MSG_0137,Earn Rs. 187503 daily by watching YouTube videos! Contact WhatsApp +923006512415.,Fake Job,1,User Report,earn rs 187503 daily by watching youtube videos contact whatsapp PHONE,81,11,0
MSG_0138,Earn Rs. 338623 daily by watching YouTube videos! Contact WhatsApp +923002147909.,Fake Job,1,WhatsApp,earn rs 338623 daily by watching youtube videos contact whatsapp PHONE,81,11,0
MSG_0139,"Dear customer, your bank account is suspended. Click link to verify details immediately.",Banking,1,SMS,dear customer your bank account is suspended click link to verify details immediately,88,13,1
MSG_0140,"Hi, please review the document attached for tomorrow's meeting.",Legitimate,0,SMS,hi please review the document attached for tomorrows meeting,63,9,0
MSG_0141,Earn Rs. 235803 daily by watching YouTube videos! Contact WhatsApp +923007913081.,Fake Job,1,User Report,earn rs 235803 daily by watching youtube videos contact whatsapp PHONE,81,11,0
MSG_0142,Your package from Daraz has been dispatched. Track at official app.,Legitimate,0,SMS,your package from daraz has been dispatched track at official app,67,11,0
MSG_0143,Your package from Daraz has been dispatched. Track at official app.,Legitimate,0,SMS,your package from daraz has been dispatched track at official app,67,11,0
MSG_0144,"Hi Mom, I lost my phone. Send Rs. 296574 to this account urgently, need help.",Impersonation,1,User Report,hi mom i lost my phone send rs 296574 to this account urgently need help,77,15,1
MSG_0145,"Hi Mom, I lost my phone. Send Rs. 232460 to this account urgently, need help.",Impersonation,1,WhatsApp,hi mom i lost my phone send rs 232460 to this account urgently need help,77,15,1
MSG_0146,Guaranteed 63% weekly return on crypto investment. Deposit now to secure your spot.,Investment,1,User Report,guaranteed 63 weekly return on crypto investment deposit now to secure your spot,83,13,0
MSG_0147,"Hi Mom, I lost my phone. Send Rs. 164785 to this account urgently, need help.",Impersonation,1,WhatsApp,hi mom i lost my phone send rs 164785 to this account urgently need help,77,15,1
MSG_0148,Your monthly electricity bill is Rs. 400684. Due date is 15th.,Legitimate,0,User Report,your monthly electricity bill is rs 400684 due date is 15th,62,11,0
MSG_0149,"Dear customer, your bank account is suspended. Click link to verify details immediately.",Banking,1,User Report,dear customer your bank account is suspended click link to verify details immediately,88,13,1
MSG_0150,Your OTP for transaction is 707727. Do not share it with anyone.,Banking,0,User Report,your otp for transaction is 707727 do not share it with anyone,64,12,0
MSG_0151,Your OTP for transaction is 883790. Do not share it with anyone.,Banking,0,WhatsApp,your otp for transaction is 883790 do not share it with anyone,64,12,0
MSG_0152,Your package from Daraz has been dispatched. Track at official app.,Legitimate,0,SMS,your package from daraz has been dispatched track at official app,67,11,0
MSG_0153,"Hi, please review the document attached for tomorrow's meeting.",Legitimate,0,WhatsApp,hi please review the document attached for tomorrows meeting,63,9,0
MSG_0154,Congratulations! You won Rs. 83797. Pay Rs. 2348 processing fee to claim instantly.,Prize,1,WhatsApp,congratulations you won rs 83797 pay rs 2348 processing fee to claim instantly,83,13,1
MSG_0155,Congratulations! You won Rs. 148652. Pay Rs. 4895 processing fee to claim instantly.,Prize,1,User Report,congratulations you won rs 148652 pay rs 4895 processing fee to claim instantly,84,13,1
MSG_0156,Urgent: Your parcel is held at customs. Pay Rs. 3543 clearance fee to deliver.,Payment,1,SMS,urgent your parcel is held at customs pay rs 3543 clearance fee to deliver,78,14,1
MSG_0157,Your monthly electricity bill is Rs. 473593. Due date is 15th.,Legitimate,0,User Report,your monthly electricity bill is rs 473593 due date is 15th,62,11,0
MSG_0158,"Hi Mom, I lost my phone. Send Rs. 168434 to this account urgently, need help.",Impersonation,1,WhatsApp,hi mom i lost my phone send rs 168434 to this account urgently need help,77,15,1
MSG_0159,Guaranteed 45% weekly return on crypto investment. Deposit now to secure your spot.,Investment,1,SMS,guaranteed 45 weekly return on crypto investment deposit now to secure your spot,83,13,0
MSG_0160,Earn Rs. 361527 daily by watching YouTube videos! Contact WhatsApp +923003592464.,Fake Job,1,SMS,earn rs 361527 daily by watching youtube videos contact whatsapp PHONE,81,11,0
MSG_0161,Reminder: Doctor appointment scheduled for tomorrow at 4 PM.,Legitimate,0,WhatsApp,reminder doctor appointment scheduled for tomorrow at 4 pm,60,9,0
MSG_0162,Guaranteed 27% weekly return on crypto investment. Deposit now to secure your spot.,Investment,1,User Report,guaranteed 27 weekly return on crypto investment deposit now to secure your spot,83,13,0
MSG_0163,Congratulations! You won Rs. 218739. Pay Rs. 2760 processing fee to claim instantly.,Prize,1,WhatsApp,congratulations you won rs 218739 pay rs 2760 processing fee to claim instantly,84,13,1
MSG_0164,Your monthly electricity bill is Rs. 21197. Due date is 15th.,Legitimate,0,User Report,your monthly electricity bill is rs 21197 due date is 15th,61,11,0
MSG_0165,Your OTP for transaction is 326441. Do not share it with anyone.,Banking,0,SMS,your otp for transaction is 326441 do not share it with anyone,64,12,0
MSG_0166,Your monthly electricity bill is Rs. 11486. Due date is 15th.,Legitimate,0,WhatsApp,your monthly electricity bill is rs 11486 due date is 15th,61,11,0
MSG_0167,Your OTP for transaction is 928358. Do not share it with anyone.,Banking,0,User Report,your otp for transaction is 928358 do not share it with anyone,64,12,0
MSG_0168,Congratulations! You won Rs. 101355. Pay Rs. 2673 processing fee to claim instantly.,Prize,1,User Report,congratulations you won rs 101355 pay rs 2673 processing fee to claim instantly,84,13,1
MSG_0169,Your OTP for transaction is 638169. Do not share it with anyone.,Banking,0,SMS,your otp for transaction is 638169 do not share it with anyone,64,12,0
MSG_0170,Your monthly electricity bill is Rs. 32735. Due date is 15th.,Legitimate,0,WhatsApp,your monthly electricity bill is rs 32735 due date is 15th,61,11,0
MSG_0171,Guaranteed 77% weekly return on crypto investment. Deposit now to secure your spot.,Investment,1,WhatsApp,guaranteed 77 weekly return on crypto investment deposit now to secure your spot,83,13,0
MSG_0172,"Hi, please review the document attached for tomorrow's meeting.",Legitimate,0,User Report,hi please review the document attached for tomorrows meeting,63,9,0
MSG_0173,Guaranteed 52% weekly return on crypto investment. Deposit now to secure your spot.,Investment,1,User Report,guaranteed 52 weekly return on crypto investment deposit now to secure your spot,83,13,0
MSG_0174,Congratulations! You won Rs. 425810. Pay Rs. 1437 processing fee to claim instantly.,Prize,1,SMS,congratulations you won rs 425810 pay rs 1437 processing fee to claim instantly,84,13,1
MSG_0175,"Dear customer, your bank account is suspended. Click link to verify details immediately.",Banking,1,User Report,dear customer your bank account is suspended click link to verify details immediately,88,13,1
MSG_0176,"Hi, please review the document attached for tomorrow's meeting.",Legitimate,0,WhatsApp,hi please review the document attached for tomorrows meeting,63,9,0
MSG_0177,Congratulations! You won Rs. 57828. Pay Rs. 1199 processing fee to claim instantly.,Prize,1,User Report,congratulations you won rs 57828 pay rs 1199 processing fee to claim instantly,83,13,1
MSG_0178,"Dear customer, your bank account is suspended. Click link to verify details immediately.",Banking,1,User Report,dear customer your bank account is suspended click link to verify details immediately,88,13,1
MSG_0179,Reminder: Doctor appointment scheduled for tomorrow at 4 PM.,Legitimate,0,SMS,reminder doctor appointment scheduled for tomorrow at 4 pm,60,9,0
MSG_0180,Your monthly electricity bill is Rs. 276030. Due date is 15th.,Legitimate,0,WhatsApp,your monthly electricity bill is rs 276030 due date is 15th,62,11,0
MSG_0181,"Hi, please review the document attached for tomorrow's meeting.",Legitimate,0,User Report,hi please review the document attached for tomorrows meeting,63,9,0
MSG_0182,Reminder: Doctor appointment scheduled for tomorrow at 4 PM.,Legitimate,0,WhatsApp,reminder doctor appointment scheduled for tomorrow at 4 pm,60,9,0
MSG_0183,"Hi, please review the document attached for tomorrow's meeting.",Legitimate,0,WhatsApp,hi please review the document attached for tomorrows meeting,63,9,0
MSG_0184,Your monthly electricity bill is Rs. 354637. Due date is 15th.,Legitimate,0,WhatsApp,your monthly electricity bill is rs 354637 due date is 15th,62,11,0
MSG_0185,Reminder: Doctor appointment scheduled for tomorrow at 4 PM.,Legitimate,0,SMS,reminder doctor appointment scheduled for tomorrow at 4 pm,60,9,0
MSG_0186,Urgent: Your parcel is held at customs. Pay Rs. 1195 clearance fee to deliver.,Payment,1,User Report,urgent your parcel is held at customs pay rs 1195 clearance fee to deliver,78,14,1
MSG_0187,Your OTP for transaction is 544611. Do not share it with anyone.,Banking,0,User Report,your otp for transaction is 544611 do not share it with anyone,64,12,0
MSG_0188,Guaranteed 80% weekly return on crypto investment. Deposit now to secure your spot.,Investment,1,SMS,guaranteed 80 weekly return on crypto investment deposit now to secure your spot,83,13,0
MSG_0189,"Hi, please review the document attached for tomorrow's meeting.",Legitimate,0,WhatsApp,hi please review the document attached for tomorrows meeting,63,9,0
MSG_0190,Reminder: Doctor appointment scheduled for tomorrow at 4 PM.,Legitimate,0,WhatsApp,reminder doctor appointment scheduled for tomorrow at 4 pm,60,9,0
MSG_0191,"Hi, please review the document attached for tomorrow's meeting.",Legitimate,0,User Report,hi please review the document attached for tomorrows meeting,63,9,0
MSG_0192,"Dear customer, your bank account is suspended. Click link to verify details immediately.",Banking,1,User Report,dear customer your bank account is suspended click link to verify details immediately,88,13,1
MSG_0193,Congratulations! You won Rs. 218179. Pay Rs. 846 processing fee to claim instantly.,Prize,1,WhatsApp,congratulations you won rs 218179 pay rs 846 processing fee to claim instantly,83,13,1
MSG_0194,Urgent: Your parcel is held at customs. Pay Rs. 3813 clearance fee to deliver.,Payment,1,WhatsApp,urgent your parcel is held at customs pay rs 3813 clearance fee to deliver,78,14,1
MSG_0195,Congratulations! You won Rs. 180272. Pay Rs. 1907 processing fee to claim instantly.,Prize,1,WhatsApp,congratulations you won rs 180272 pay rs 1907 processing fee to claim instantly,84,13,1
MSG_0196,Congratulations! You won Rs. 137567. Pay Rs. 4069 processing fee to claim instantly.,Prize,1,WhatsApp,congratulations you won rs 137567 pay rs 4069 processing fee to claim instantly,84,13,1
MSG_0197,Earn Rs. 401016 daily by watching YouTube videos! Contact WhatsApp +923003820798.,Fake Job,1,WhatsApp,earn rs 401016 daily by watching youtube videos contact whatsapp PHONE,81,11,0
MSG_0198,Your monthly electricity bill is Rs. 277361. Due date is 15th.,Legitimate,0,WhatsApp,your monthly electricity bill is rs 277361 due date is 15th,62,11,0
MSG_0199,Your package from Daraz has been dispatched. Track at official app.,Legitimate,0,User Report,your package from daraz has been dispatched track at official app,67,11,0
MSG_0200,Your package from Daraz has been dispatched. Track at official app.,Legitimate,0,User Report,your package from daraz has been dispatched track at official app,67,11,0
MSG_0201,"Hi Mom, I lost my phone. Send Rs. 175747 to this account urgently, need help.",Impersonation,1,SMS,hi mom i lost my phone send rs 175747 to this account urgently need help,77,15,1
MSG_0202,Earn Rs. 320074 daily by watching YouTube videos! Contact WhatsApp +923002244712.,Fake Job,1,SMS,earn rs 320074 daily by watching youtube videos contact whatsapp PHONE,81,11,0
MSG_0203,Guaranteed 62% weekly return on crypto investment. Deposit now to secure your spot.,Investment,1,WhatsApp,guaranteed 62 weekly return on crypto investment deposit now to secure your spot,83,13,0
MSG_0204,Your monthly electricity bill is Rs. 321468. Due date is 15th.,Legitimate,0,SMS,your monthly electricity bill is rs 321468 due date is 15th,62,11,0
MSG_0205,"Hi, please review the document attached for tomorrow's meeting.",Legitimate,0,SMS,hi please review the document attached for tomorrows meeting,63,9,0
MSG_0206,"Hi, please review the document attached for tomorrow's meeting.",Legitimate,0,WhatsApp,hi please review the document attached for tomorrows meeting,63,9,0
MSG_0207,Reminder: Doctor appointment scheduled for tomorrow at 4 PM.,Legitimate,0,SMS,reminder doctor appointment scheduled for tomorrow at 4 pm,60,9,0
MSG_0208,Earn Rs. 213117 daily by watching YouTube videos! Contact WhatsApp +923001878547.,Fake Job,1,User Report,earn rs 213117 daily by watching youtube videos contact whatsapp PHONE,81,11,0
MSG_0209,Congratulations! You won Rs. 182852. Pay Rs. 1274 processing fee to claim instantly.,Prize,1,SMS,congratulations you won rs 182852 pay rs 1274 processing fee to claim instantly,84,13,1
MSG_0210,"Hi Mom, I lost my phone. Send Rs. 456465 to this account urgently, need help.",Impersonation,1,SMS,hi mom i lost my phone send rs 456465 to this account urgently need help,77,15,1
MSG_0211,"Hi Mom, I lost my phone. Send Rs. 376204 to this account urgently, need help.",Impersonation,1,SMS,hi mom i lost my phone send rs 376204 to this account urgently need help,77,15,1
MSG_0212,"Hi Mom, I lost my phone. Send Rs. 425058 to this account urgently, need help.",Impersonation,1,WhatsApp,hi mom i lost my phone send rs 425058 to this account urgently need help,77,15,1
MSG_0213,Urgent: Your parcel is held at customs. Pay Rs. 649 clearance fee to deliver.,Payment,1,WhatsApp,urgent your parcel is held at customs pay rs 649 clearance fee to deliver,77,14,1
MSG_0214,Guaranteed 32% weekly return on crypto investment. Deposit now to secure your spot.,Investment,1,SMS,guaranteed 32 weekly return on crypto investment deposit now to secure your spot,83,13,0
MSG_0215,Your monthly electricity bill is Rs. 414160. Due date is 15th.,Legitimate,0,User Report,your monthly electricity bill is rs 414160 due date is 15th,62,11,0
MSG_0216,Your monthly electricity bill is Rs. 207509. Due date is 15th.,Legitimate,0,User Report,your monthly electricity bill is rs 207509 due date is 15th,62,11,0
MSG_0217,Congratulations! You won Rs. 225408. Pay Rs. 3484 processing fee to claim instantly.,Prize,1,User Report,congratulations you won rs 225408 pay rs 3484 processing fee to claim instantly,84,13,1
MSG_0218,"Dear customer, your bank account is suspended. Click link to verify details immediately.",Banking,1,WhatsApp,dear customer your bank account is suspended click link to verify details immediately,88,13,1
MSG_0219,"Hi Mom, I lost my phone. Send Rs. 309064 to this account urgently, need help.",Impersonation,1,SMS,hi mom i lost my phone send rs 309064 to this account urgently need help,77,15,1
MSG_0220,"Dear customer, your bank account is suspended. Click link to verify details immediately.",Banking,1,WhatsApp,dear customer your bank account is suspended click link to verify details immediately,88,13,1
MSG_0221,Earn Rs. 300739 daily by watching YouTube videos! Contact WhatsApp +923003091745.,Fake Job,1,SMS,earn rs 300739 daily by watching youtube videos contact whatsapp PHONE,81,11,0
MSG_0222,Your package from Daraz has been dispatched. Track at official app.,Legitimate,0,WhatsApp,your package from daraz has been dispatched track at official app,67,11,0
MSG_0223,Reminder: Doctor appointment scheduled for tomorrow at 4 PM.,Legitimate,0,SMS,reminder doctor appointment scheduled for tomorrow at 4 pm,60,9,0
MSG_0224,"Dear customer, your bank account is suspended. Click link to verify details immediately.",Banking,1,SMS,dear customer your bank account is suspended click link to verify details immediately,88,13,1
MSG_0225,"Hi, please review the document attached for tomorrow's meeting.",Legitimate,0,SMS,hi please review the document attached for tomorrows meeting,63,9,0
MSG_0226,Reminder: Doctor appointment scheduled for tomorrow at 4 PM.,Legitimate,0,WhatsApp,reminder doctor appointment scheduled for tomorrow at 4 pm,60,9,0
MSG_0227,Your monthly electricity bill is Rs. 391280. Due date is 15th.,Legitimate,0,WhatsApp,your monthly electricity bill is rs 391280 due date is 15th,62,11,0
MSG_0228,Congratulations! You won Rs. 35034. Pay Rs. 2453 processing fee to claim instantly.,Prize,1,WhatsApp,congratulations you won rs 35034 pay rs 2453 processing fee to claim instantly,83,13,1
MSG_0229,Reminder: Doctor appointment scheduled for tomorrow at 4 PM.,Legitimate,0,User Report,reminder doctor appointment scheduled for tomorrow at 4 pm,60,9,0
MSG_0230,Your package from Daraz has been dispatched. Track at official app.,Legitimate,0,WhatsApp,your package from daraz has been dispatched track at official app,67,11,0
MSG_0231,"Dear customer, your bank account is suspended. Click link to verify details immediately.",Banking,1,User Report,dear customer your bank account is suspended click link to verify details immediately,88,13,1
MSG_0232,Reminder: Doctor appointment scheduled for tomorrow at 4 PM.,Legitimate,0,SMS,reminder doctor appointment scheduled for tomorrow at 4 pm,60,9,0
MSG_0233,"Hi Mom, I lost my phone. Send Rs. 18515 to this account urgently, need help.",Impersonation,1,User Report,hi mom i lost my phone send rs 18515 to this account urgently need help,76,15,1
MSG_0234,Your monthly electricity bill is Rs. 395449. Due date is 15th.,Legitimate,0,User Report,your monthly electricity bill is rs 395449 due date is 15th,62,11,0
MSG_0235,"Hi Mom, I lost my phone. Send Rs. 101797 to this account urgently, need help.",Impersonation,1,WhatsApp,hi mom i lost my phone send rs 101797 to this account urgently need help,77,15,1
MSG_0236,Reminder: Doctor appointment scheduled for tomorrow at 4 PM.,Legitimate,0,WhatsApp,reminder doctor appointment scheduled for tomorrow at 4 pm,60,9,0
MSG_0237,Earn Rs. 280209 daily by watching YouTube videos! Contact WhatsApp +923005249899.,Fake Job,1,WhatsApp,earn rs 280209 daily by watching youtube videos contact whatsapp PHONE,81,11,0
MSG_0238,"Hi, please review the document attached for tomorrow's meeting.",Legitimate,0,WhatsApp,hi please review the document attached for tomorrows meeting,63,9,0
MSG_0239,Guaranteed 71% weekly return on crypto investment. Deposit now to secure your spot.,Investment,1,WhatsApp,guaranteed 71 weekly return on crypto investment deposit now to secure your spot,83,13,0
MSG_0240,"Hi Mom, I lost my phone. Send Rs. 270845 to this account urgently, need help.",Impersonation,1,User Report,hi mom i lost my phone send rs 270845 to this account urgently need help,77,15,1
MSG_0241,Congratulations! You won Rs. 235762. Pay Rs. 1978 processing fee to claim instantly.,Prize,1,WhatsApp,congratulations you won rs 235762 pay rs 1978 processing fee to claim instantly,84,13,1
MSG_0242,"Hi, please review the document attached for tomorrow's meeting.",Legitimate,0,WhatsApp,hi please review the document attached for tomorrows meeting,63,9,0
MSG_0243,Earn Rs. 244424 daily by watching YouTube videos! Contact WhatsApp +923008297090.,Fake Job,1,SMS,earn rs 244424 daily by watching youtube videos contact whatsapp PHONE,81,11,0
MSG_0244,Your OTP for transaction is 638009. Do not share it with anyone.,Banking,0,WhatsApp,your otp for transaction is 638009 do not share it with anyone,64,12,0
MSG_0245,Your monthly electricity bill is Rs. 365513. Due date is 15th.,Legitimate,0,WhatsApp,your monthly electricity bill is rs 365513 due date is 15th,62,11,0
MSG_0246,Earn Rs. 210725 daily by watching YouTube videos! Contact WhatsApp +923008548448.,Fake Job,1,SMS,earn rs 210725 daily by watching youtube videos contact whatsapp PHONE,81,11,0
MSG_0247,Guaranteed 88% weekly return on crypto investment. Deposit now to secure your spot.,Investment,1,SMS,guaranteed 88 weekly return on crypto investment deposit now to secure your spot,83,13,0
MSG_0248,Earn Rs. 350556 daily by watching YouTube videos! Contact WhatsApp +923001434753.,Fake Job,1,User Report,earn rs 350556 daily by watching youtube videos contact whatsapp PHONE,81,11,0
MSG_0249,Reminder: Doctor appointment scheduled for tomorrow at 4 PM.,Legitimate,0,SMS,reminder doctor appointment scheduled for tomorrow at 4 pm,60,9,0
MSG_0250,"Dear customer, your bank account is suspended. Click link to verify details immediately.",Banking,1,WhatsApp,dear customer your bank account is suspended click link to verify details immediately,88,13,1
MSG_0251,Reminder: Doctor appointment scheduled for tomorrow at 4 PM.,Legitimate,0,User Report,reminder doctor appointment scheduled for tomorrow at 4 pm,60,9,0
MSG_0252,"Hi Mom, I lost my phone. Send Rs. 44046 to this account urgently, need help.",Impersonation,1,User Report,hi mom i lost my phone send rs 44046 to this account urgently need help,76,15,1
MSG_0253,"Hi, please review the document attached for tomorrow's meeting.",Legitimate,0,WhatsApp,hi please review the document attached for tomorrows meeting,63,9,0
MSG_0254,Congratulations! You won Rs. 199213. Pay Rs. 3522 processing fee to claim instantly.,Prize,1,User Report,congratulations you won rs 199213 pay rs 3522 processing fee to claim instantly,84,13,1
MSG_0255,Your OTP for transaction is 651231. Do not share it with anyone.,Banking,0,SMS,your otp for transaction is 651231 do not share it with anyone,64,12,0
MSG_0256,Your package from Daraz has been dispatched. Track at official app.,Legitimate,0,SMS,your package from daraz has been dispatched track at official app,67,11,0
MSG_0257,Your monthly electricity bill is Rs. 345436. Due date is 15th.,Legitimate,0,WhatsApp,your monthly electricity bill is rs 345436 due date is 15th,62,11,0
MSG_0258,Your monthly electricity bill is Rs. 90224. Due date is 15th.,Legitimate,0,User Report,your monthly electricity bill is rs 90224 due date is 15th,61,11,0
MSG_0259,"Hi, please review the document attached for tomorrow's meeting.",Legitimate,0,User Report,hi please review the document attached for tomorrows meeting,63,9,0
MSG_0260,"Dear customer, your bank account is suspended. Click link to verify details immediately.",Banking,1,User Report,dear customer your bank account is suspended click link to verify details immediately,88,13,1
MSG_0261,Your monthly electricity bill is Rs. 314425. Due date is 15th.,Legitimate,0,User Report,your monthly electricity bill is rs 314425 due date is 15th,62,11,0
MSG_0262,Your OTP for transaction is 908475. Do not share it with anyone.,Banking,0,User Report,your otp for transaction is 908475 do not share it with anyone,64,12,0
MSG_0263,Your monthly electricity bill is Rs. 228411. Due date is 15th.,Legitimate,0,User Report,your monthly electricity bill is rs 228411 due date is 15th,62,11,0
MSG_0264,Guaranteed 53% weekly return on crypto investment. Deposit now to secure your spot.,Investment,1,User Report,guaranteed 53 weekly return on crypto investment deposit now to secure your spot,83,13,0
MSG_0265,Your package from Daraz has been dispatched. Track at official app.,Legitimate,0,SMS,your package from daraz has been dispatched track at official app,67,11,0
MSG_0266,"Hi, please review the document attached for tomorrow's meeting.",Legitimate,0,SMS,hi please review the document attached for tomorrows meeting,63,9,0
MSG_0267,"Hi, please review the document attached for tomorrow's meeting.",Legitimate,0,WhatsApp,hi please review the document attached for tomorrows meeting,63,9,0
MSG_0268,Your OTP for transaction is 745270. Do not share it with anyone.,Banking,0,WhatsApp,your otp for transaction is 745270 do not share it with anyone,64,12,0
MSG_0269,"Hi, please review the document attached for tomorrow's meeting.",Legitimate,0,SMS,hi please review the document attached for tomorrows meeting,63,9,0
MSG_0270,Guaranteed 78% weekly return on crypto investment. Deposit now to secure your spot.,Investment,1,SMS,guaranteed 78 weekly return on crypto investment deposit now to secure your spot,83,13,0
MSG_0271,"Dear customer, your bank account is suspended. Click link to verify details immediately.",Banking,1,SMS,dear customer your bank account is suspended click link to verify details immediately,88,13,1
MSG_0272,Earn Rs. 291380 daily by watching YouTube videos! Contact WhatsApp +923003247055.,Fake Job,1,SMS,earn rs 291380 daily by watching youtube videos contact whatsapp PHONE,81,11,0
MSG_0273,Guaranteed 66% weekly return on crypto investment. Deposit now to secure your spot.,Investment,1,SMS,guaranteed 66 weekly return on crypto investment deposit now to secure your spot,83,13,0
MSG_0274,Congratulations! You won Rs. 212558. Pay Rs. 4630 processing fee to claim instantly.,Prize,1,User Report,congratulations you won rs 212558 pay rs 4630 processing fee to claim instantly,84,13,1
MSG_0275,Your package from Daraz has been dispatched. Track at official app.,Legitimate,0,User Report,your package from daraz has been dispatched track at official app,67,11,0
MSG_0276,"Dear customer, your bank account is suspended. Click link to verify details immediately.",Banking,1,WhatsApp,dear customer your bank account is suspended click link to verify details immediately,88,13,1
MSG_0277,Your package from Daraz has been dispatched. Track at official app.,Legitimate,0,WhatsApp,your package from daraz has been dispatched track at official app,67,11,0
MSG_0278,"Hi, please review the document attached for tomorrow's meeting.",Legitimate,0,User Report,hi please review the document attached for tomorrows meeting,63,9,0
MSG_0279,Urgent: Your parcel is held at customs. Pay Rs. 4675 clearance fee to deliver.,Payment,1,SMS,urgent your parcel is held at customs pay rs 4675 clearance fee to deliver,78,14,1
MSG_0280,"Hi, please review the document attached for tomorrow's meeting.",Legitimate,0,User Report,hi please review the document attached for tomorrows meeting,63,9,0
MSG_0281,Your monthly electricity bill is Rs. 258821. Due date is 15th.,Legitimate,0,User Report,your monthly electricity bill is rs 258821 due date is 15th,62,11,0
MSG_0282,Your monthly electricity bill is Rs. 261893. Due date is 15th.,Legitimate,0,WhatsApp,your monthly electricity bill is rs 261893 due date is 15th,62,11,0
MSG_0283,Your OTP for transaction is 119857. Do not share it with anyone.,Banking,0,SMS,your otp for transaction is 119857 do not share it with anyone,64,12,0
MSG_0284,"Dear customer, your bank account is suspended. Click link to verify details immediately.",Banking,1,User Report,dear customer your bank account is suspended click link to verify details immediately,88,13,1
MSG_0285,Your package from Daraz has been dispatched. Track at official app.,Legitimate,0,User Report,your package from daraz has been dispatched track at official app,67,11,0
MSG_0286,Earn Rs. 100797 daily by watching YouTube videos! Contact WhatsApp +923006943949.,Fake Job,1,User Report,earn rs 100797 daily by watching youtube videos contact whatsapp PHONE,81,11,0
MSG_0287,Urgent: Your parcel is held at customs. Pay Rs. 2075 clearance fee to deliver.,Payment,1,WhatsApp,urgent your parcel is held at customs pay rs 2075 clearance fee to deliver,78,14,1
MSG_0288,Earn Rs. 379571 daily by watching YouTube videos! Contact WhatsApp +923009049765.,Fake Job,1,SMS,earn rs 379571 daily by watching youtube videos contact whatsapp PHONE,81,11,0
MSG_0289,Earn Rs. 73897 daily by watching YouTube videos! Contact WhatsApp +923006790398.,Fake Job,1,WhatsApp,earn rs 73897 daily by watching youtube videos contact whatsapp PHONE,80,11,0
MSG_0290,Congratulations! You won Rs. 160801. Pay Rs. 1147 processing fee to claim instantly.,Prize,1,User Report,congratulations you won rs 160801 pay rs 1147 processing fee to claim instantly,84,13,1
MSG_0291,"Dear customer, your bank account is suspended. Click link to verify details immediately.",Banking,1,WhatsApp,dear customer your bank account is suspended click link to verify details immediately,88,13,1
MSG_0292,Your monthly electricity bill is Rs. 398440. Due date is 15th.,Legitimate,0,WhatsApp,your monthly electricity bill is rs 398440 due date is 15th,62,11,0
MSG_0293,Your OTP for transaction is 852204. Do not share it with anyone.,Banking,0,WhatsApp,your otp for transaction is 852204 do not share it with anyone,64,12,0
MSG_0294,Your OTP for transaction is 784607. Do not share it with anyone.,Banking,0,SMS,your otp for transaction is 784607 do not share it with anyone,64,12,0
MSG_0295,"Hi, please review the document attached for tomorrow's meeting.",Legitimate,0,User Report,hi please review the document attached for tomorrows meeting,63,9,0
MSG_0296,Your monthly electricity bill is Rs. 397284. Due date is 15th.,Legitimate,0,WhatsApp,your monthly electricity bill is rs 397284 due date is 15th,62,11,0
MSG_0297,Guaranteed 19% weekly return on crypto investment. Deposit now to secure your spot.,Investment,1,User Report,guaranteed 19 weekly return on crypto investment deposit now to secure your spot,83,13,0
MSG_0298,"Hi, please review the document attached for tomorrow's meeting.",Legitimate,0,SMS,hi please review the document attached for tomorrows meeting,63,9,0
MSG_0299,Your monthly electricity bill is Rs. 255377. Due date is 15th.,Legitimate,0,SMS,your monthly electricity bill is rs 255377 due date is 15th,62,11,0
MSG_0300,Reminder: Doctor appointment scheduled for tomorrow at 4 PM.,Legitimate,0,SMS,reminder doctor appointment scheduled for tomorrow at 4 pm,60,9,0
MSG_0301,Your package from Daraz has been dispatched. Track at official app.,Legitimate,0,WhatsApp,your package from daraz has been dispatched track at official app,67,11,0
MSG_0302,"Hi Mom, I lost my phone. Send Rs. 60009 to this account urgently, need help.",Impersonation,1,WhatsApp,hi mom i lost my phone send rs 60009 to this account urgently need help,76,15,1
MSG_0303,"Hi, please review the document attached for tomorrow's meeting.",Legitimate,0,SMS,hi please review the document attached for tomorrows meeting,63,9,0
MSG_0304,Urgent: Your parcel is held at customs. Pay Rs. 593 clearance fee to deliver.,Payment,1,User Report,urgent your parcel is held at customs pay rs 593 clearance fee to deliver,77,14,1
MSG_0305,Your OTP for transaction is 421709. Do not share it with anyone.,Banking,0,SMS,your otp for transaction is 421709 do not share it with anyone,64,12,0
MSG_0306,"Hi Mom, I lost my phone. Send Rs. 71559 to this account urgently, need help.",Impersonation,1,WhatsApp,hi mom i lost my phone send rs 71559 to this account urgently need help,76,15,1
MSG_0307,Reminder: Doctor appointment scheduled for tomorrow at 4 PM.,Legitimate,0,User Report,reminder doctor appointment scheduled for tomorrow at 4 pm,60,9,0
MSG_0308,Urgent: Your parcel is held at customs. Pay Rs. 2289 clearance fee to deliver.,Payment,1,User Report,urgent your parcel is held at customs pay rs 2289 clearance fee to deliver,78,14,1
MSG_0309,Urgent: Your parcel is held at customs. Pay Rs. 3463 clearance fee to deliver.,Payment,1,WhatsApp,urgent your parcel is held at customs pay rs 3463 clearance fee to deliver,78,14,1
MSG_0310,Your monthly electricity bill is Rs. 291364. Due date is 15th.,Legitimate,0,SMS,your monthly electricity bill is rs 291364 due date is 15th,62,11,0
MSG_0311,Your package from Daraz has been dispatched. Track at official app.,Legitimate,0,WhatsApp,your package from daraz has been dispatched track at official app,67,11,0
MSG_0312,"Dear customer, your bank account is suspended. Click link to verify details immediately.",Banking,1,User Report,dear customer your bank account is suspended click link to verify details immediately,88,13,1
MSG_0313,"Hi Mom, I lost my phone. Send Rs. 433056 to this account urgently, need help.",Impersonation,1,WhatsApp,hi mom i lost my phone send rs 433056 to this account urgently need help,77,15,1
MSG_0314,Your monthly electricity bill is Rs. 48288. Due date is 15th.,Legitimate,0,User Report,your monthly electricity bill is rs 48288 due date is 15th,61,11,0
MSG_0315,Your OTP for transaction is 401036. Do not share it with anyone.,Banking,0,WhatsApp,your otp for transaction is 401036 do not share it with anyone,64,12,0
MSG_0316,Reminder: Doctor appointment scheduled for tomorrow at 4 PM.,Legitimate,0,WhatsApp,reminder doctor appointment scheduled for tomorrow at 4 pm,60,9,0
MSG_0317,"Hi, please review the document attached for tomorrow's meeting.",Legitimate,0,WhatsApp,hi please review the document attached for tomorrows meeting,63,9,0
MSG_0318,Your OTP for transaction is 585494. Do not share it with anyone.,Banking,0,User Report,your otp for transaction is 585494 do not share it with anyone,64,12,0
MSG_0319,"Dear customer, your bank account is suspended. Click link to verify details immediately.",Banking,1,WhatsApp,dear customer your bank account is suspended click link to verify details immediately,88,13,1
MSG_0320,Your OTP for transaction is 903265. Do not share it with anyone.,Banking,0,WhatsApp,your otp for transaction is 903265 do not share it with anyone,64,12,0
MSG_0321,Your OTP for transaction is 726822. Do not share it with anyone.,Banking,0,WhatsApp,your otp for transaction is 726822 do not share it with anyone,64,12,0
MSG_0322,Reminder: Doctor appointment scheduled for tomorrow at 4 PM.,Legitimate,0,WhatsApp,reminder doctor appointment scheduled for tomorrow at 4 pm,60,9,0
MSG_0323,"Dear customer, your bank account is suspended. Click link to verify details immediately.",Banking,1,WhatsApp,dear customer your bank account is suspended click link to verify details immediately,88,13,1
MSG_0324,"Dear customer, your bank account is suspended. Click link to verify details immediately.",Banking,1,SMS,dear customer your bank account is suspended click link to verify details immediately,88,13,1
MSG_0325,Your monthly electricity bill is Rs. 320203. Due date is 15th.,Legitimate,0,User Report,your monthly electricity bill is rs 320203 due date is 15th,62,11,0
MSG_0326,Congratulations! You won Rs. 190572. Pay Rs. 3622 processing fee to claim instantly.,Prize,1,SMS,congratulations you won rs 190572 pay rs 3622 processing fee to claim instantly,84,13,1
MSG_0327,"Hi, please review the document attached for tomorrow's meeting.",Legitimate,0,WhatsApp,hi please review the document attached for tomorrows meeting,63,9,0
MSG_0328,"Hi Mom, I lost my phone. Send Rs. 85681 to this account urgently, need help.",Impersonation,1,SMS,hi mom i lost my phone send rs 85681 to this account urgently need help,76,15,1
MSG_0329,Reminder: Doctor appointment scheduled for tomorrow at 4 PM.,Legitimate,0,SMS,reminder doctor appointment scheduled for tomorrow at 4 pm,60,9,0
MSG_0330,Congratulations! You won Rs. 290827. Pay Rs. 2060 processing fee to claim instantly.,Prize,1,User Report,congratulations you won rs 290827 pay rs 2060 processing fee to claim instantly,84,13,1
MSG_0331,Your OTP for transaction is 319036. Do not share it with anyone.,Banking,0,SMS,your otp for transaction is 319036 do not share it with anyone,64,12,0
MSG_0332,Your package from Daraz has been dispatched. Track at official app.,Legitimate,0,SMS,your package from daraz has been dispatched track at official app,67,11,0
MSG_0333,Your monthly electricity bill is Rs. 178618. Due date is 15th.,Legitimate,0,User Report,your monthly electricity bill is rs 178618 due date is 15th,62,11,0
MSG_0334,Earn Rs. 147133 daily by watching YouTube videos! Contact WhatsApp +923008818250.,Fake Job,1,WhatsApp,earn rs 147133 daily by watching youtube videos contact whatsapp PHONE,81,11,0
MSG_0335,Earn Rs. 489372 daily by watching YouTube videos! Contact WhatsApp +923007944595.,Fake Job,1,WhatsApp,earn rs 489372 daily by watching youtube videos contact whatsapp PHONE,81,11,0
MSG_0336,Your package from Daraz has been dispatched. Track at official app.,Legitimate,0,SMS,your package from daraz has been dispatched track at official app,67,11,0
MSG_0337,Your package from Daraz has been dispatched. Track at official app.,Legitimate,0,SMS,your package from daraz has been dispatched track at official app,67,11,0
MSG_0338,Earn Rs. 410220 daily by watching YouTube videos! Contact WhatsApp +923009230828.,Fake Job,1,SMS,earn rs 410220 daily by watching youtube videos contact whatsapp PHONE,81,11,0
MSG_0339,"Hi, please review the document attached for tomorrow's meeting.",Legitimate,0,User Report,hi please review the document attached for tomorrows meeting,63,9,0
MSG_0340,Your monthly electricity bill is Rs. 27733. Due date is 15th.,Legitimate,0,SMS,your monthly electricity bill is rs 27733 due date is 15th,61,11,0
MSG_0341,Your package from Daraz has been dispatched. Track at official app.,Legitimate,0,SMS,your package from daraz has been dispatched track at official app,67,11,0
MSG_0342,Congratulations! You won Rs. 333923. Pay Rs. 4458 processing fee to claim instantly.,Prize,1,WhatsApp,congratulations you won rs 333923 pay rs 4458 processing fee to claim instantly,84,13,1
MSG_0343,Congratulations! You won Rs. 18769. Pay Rs. 4836 processing fee to claim instantly.,Prize,1,WhatsApp,congratulations you won rs 18769 pay rs 4836 processing fee to claim instantly,83,13,1
MSG_0344,"Dear customer, your bank account is suspended. Click link to verify details immediately.",Banking,1,WhatsApp,dear customer your bank account is suspended click link to verify details immediately,88,13,1
MSG_0345,Earn Rs. 150155 daily by watching YouTube videos! Contact WhatsApp +923007812009.,Fake Job,1,SMS,earn rs 150155 daily by watching youtube videos contact whatsapp PHONE,81,11,0
MSG_0346,Your package from Daraz has been dispatched. Track at official app.,Legitimate,0,WhatsApp,your package from daraz has been dispatched track at official app,67,11,0
MSG_0347,Guaranteed 22% weekly return on crypto investment. Deposit now to secure your spot.,Investment,1,User Report,guaranteed 22 weekly return on crypto investment deposit now to secure your spot,83,13,0
MSG_0348,Your OTP for transaction is 922478. Do not share it with anyone.,Banking,0,User Report,your otp for transaction is 922478 do not share it with anyone,64,12,0
MSG_0349,Your monthly electricity bill is Rs. 491900. Due date is 15th.,Legitimate,0,SMS,your monthly electricity bill is rs 491900 due date is 15th,62,11,0
MSG_0350,Your OTP for transaction is 690882. Do not share it with anyone.,Banking,0,WhatsApp,your otp for transaction is 690882 do not share it with anyone,64,12,0
MSG_0351,Congratulations! You won Rs. 118610. Pay Rs. 1681 processing fee to claim instantly.,Prize,1,WhatsApp,congratulations you won rs 118610 pay rs 1681 processing fee to claim instantly,84,13,1
MSG_0352,Your monthly electricity bill is Rs. 447597. Due date is 15th.,Legitimate,0,User Report,your monthly electricity bill is rs 447597 due date is 15th,62,11,0
MSG_0353,Your OTP for transaction is 202430. Do not share it with anyone.,Banking,0,WhatsApp,your otp for transaction is 202430 do not share it with anyone,64,12,0
MSG_0354,"Hi, please review the document attached for tomorrow's meeting.",Legitimate,0,SMS,hi please review the document attached for tomorrows meeting,63,9,0
MSG_0355,"Dear customer, your bank account is suspended. Click link to verify details immediately.",Banking,1,WhatsApp,dear customer your bank account is suspended click link to verify details immediately,88,13,1
MSG_0356,"Dear customer, your bank account is suspended. Click link to verify details immediately.",Banking,1,SMS,dear customer your bank account is suspended click link to verify details immediately,88,13,1
MSG_0357,Reminder: Doctor appointment scheduled for tomorrow at 4 PM.,Legitimate,0,SMS,reminder doctor appointment scheduled for tomorrow at 4 pm,60,9,0
MSG_0358,Earn Rs. 409164 daily by watching YouTube videos! Contact WhatsApp +923002464604.,Fake Job,1,WhatsApp,earn rs 409164 daily by watching youtube videos contact whatsapp PHONE,81,11,0
MSG_0359,Guaranteed 67% weekly return on crypto investment. Deposit now to secure your spot.,Investment,1,WhatsApp,guaranteed 67 weekly return on crypto investment deposit now to secure your spot,83,13,0
MSG_0360,Urgent: Your parcel is held at customs. Pay Rs. 3157 clearance fee to deliver.,Payment,1,SMS,urgent your parcel is held at customs pay rs 3157 clearance fee to deliver,78,14,1
MSG_0361,Congratulations! You won Rs. 390026. Pay Rs. 2488 processing fee to claim instantly.,Prize,1,User Report,congratulations you won rs 390026 pay rs 2488 processing fee to claim instantly,84,13,1
MSG_0362,"Dear customer, your bank account is suspended. Click link to verify details immediately.",Banking,1,WhatsApp,dear customer your bank account is suspended click link to verify details immediately,88,13,1
MSG_0363,Your package from Daraz has been dispatched. Track at official app.,Legitimate,0,WhatsApp,your package from daraz has been dispatched track at official app,67,11,0
MSG_0364,Earn Rs. 139284 daily by watching YouTube videos! Contact WhatsApp +923004280754.,Fake Job,1,SMS,earn rs 139284 daily by watching youtube videos contact whatsapp PHONE,81,11,0
MSG_0365,Your package from Daraz has been dispatched. Track at official app.,Legitimate,0,SMS,your package from daraz has been dispatched track at official app,67,11,0
MSG_0366,Earn Rs. 235766 daily by watching YouTube videos! Contact WhatsApp +923004369728.,Fake Job,1,SMS,earn rs 235766 daily by watching youtube videos contact whatsapp PHONE,81,11,0
MSG_0367,"Dear customer, your bank account is suspended. Click link to verify details immediately.",Banking,1,User Report,dear customer your bank account is suspended click link to verify details immediately,88,13,1
MSG_0368,"Hi, please review the document attached for tomorrow's meeting.",Legitimate,0,User Report,hi please review the document attached for tomorrows meeting,63,9,0
MSG_0369,Your monthly electricity bill is Rs. 296066. Due date is 15th.,Legitimate,0,User Report,your monthly electricity bill is rs 296066 due date is 15th,62,11,0
MSG_0370,Reminder: Doctor appointment scheduled for tomorrow at 4 PM.,Legitimate,0,User Report,reminder doctor appointment scheduled for tomorrow at 4 pm,60,9,0
MSG_0371,"Dear customer, your bank account is suspended. Click link to verify details immediately.",Banking,1,User Report,dear customer your bank account is suspended click link to verify details immediately,88,13,1
MSG_0372,Guaranteed 91% weekly return on crypto investment. Deposit now to secure your spot.,Investment,1,User Report,guaranteed 91 weekly return on crypto investment deposit now to secure your spot,83,13,0
MSG_0373,Urgent: Your parcel is held at customs. Pay Rs. 3445 clearance fee to deliver.,Payment,1,WhatsApp,urgent your parcel is held at customs pay rs 3445 clearance fee to deliver,78,14,1
MSG_0374,"Hi, please review the document attached for tomorrow's meeting.",Legitimate,0,SMS,hi please review the document attached for tomorrows meeting,63,9,0
MSG_0375,Congratulations! You won Rs. 15530. Pay Rs. 1307 processing fee to claim instantly.,Prize,1,User Report,congratulations you won rs 15530 pay rs 1307 processing fee to claim instantly,83,13,1
MSG_0376,Reminder: Doctor appointment scheduled for tomorrow at 4 PM.,Legitimate,0,WhatsApp,reminder doctor appointment scheduled for tomorrow at 4 pm,60,9,0
MSG_0377,Congratulations! You won Rs. 263111. Pay Rs. 1356 processing fee to claim instantly.,Prize,1,WhatsApp,congratulations you won rs 263111 pay rs 1356 processing fee to claim instantly,84,13,1
MSG_0378,"Hi, please review the document attached for tomorrow's meeting.",Legitimate,0,User Report,hi please review the document attached for tomorrows meeting,63,9,0
MSG_0379,Earn Rs. 259646 daily by watching YouTube videos! Contact WhatsApp +923008590804.,Fake Job,1,SMS,earn rs 259646 daily by watching youtube videos contact whatsapp PHONE,81,11,0
MSG_0380,"Hi, please review the document attached for tomorrow's meeting.",Legitimate,0,User Report,hi please review the document attached for tomorrows meeting,63,9,0
MSG_0381,Your package from Daraz has been dispatched. Track at official app.,Legitimate,0,SMS,your package from daraz has been dispatched track at official app,67,11,0
MSG_0382,Guaranteed 95% weekly return on crypto investment. Deposit now to secure your spot.,Investment,1,User Report,guaranteed 95 weekly return on crypto investment deposit now to secure your spot,83,13,0
MSG_0383,Guaranteed 72% weekly return on crypto investment. Deposit now to secure your spot.,Investment,1,SMS,guaranteed 72 weekly return on crypto investment deposit now to secure your spot,83,13,0
MSG_0384,Your package from Daraz has been dispatched. Track at official app.,Legitimate,0,User Report,your package from daraz has been dispatched track at official app,67,11,0
MSG_0385,"Hi, please review the document attached for tomorrow's meeting.",Legitimate,0,User Report,hi please review the document attached for tomorrows meeting,63,9,0
MSG_0386,Urgent: Your parcel is held at customs. Pay Rs. 3067 clearance fee to deliver.,Payment,1,User Report,urgent your parcel is held at customs pay rs 3067 clearance fee to deliver,78,14,1
MSG_0387,"Hi, please review the document attached for tomorrow's meeting.",Legitimate,0,User Report,hi please review the document attached for tomorrows meeting,63,9,0
MSG_0388,Your package from Daraz has been dispatched. Track at official app.,Legitimate,0,WhatsApp,your package from daraz has been dispatched track at official app,67,11,0
MSG_0389,"Hi Mom, I lost my phone. Send Rs. 84112 to this account urgently, need help.",Impersonation,1,User Report,hi mom i lost my phone send rs 84112 to this account urgently need help,76,15,1
MSG_0390,Guaranteed 96% weekly return on crypto investment. Deposit now to secure your spot.,Investment,1,User Report,guaranteed 96 weekly return on crypto investment deposit now to secure your spot,83,13,0
MSG_0391,Reminder: Doctor appointment scheduled for tomorrow at 4 PM.,Legitimate,0,User Report,reminder doctor appointment scheduled for tomorrow at 4 pm,60,9,0
MSG_0392,"Hi, please review the document attached for tomorrow's meeting.",Legitimate,0,User Report,hi please review the document attached for tomorrows meeting,63,9,0
MSG_0393,Guaranteed 68% weekly return on crypto investment. Deposit now to secure your spot.,Investment,1,SMS,guaranteed 68 weekly return on crypto investment deposit now to secure your spot,83,13,0
MSG_0394,Your OTP for transaction is 406278. Do not share it with anyone.,Banking,0,SMS,your otp for transaction is 406278 do not share it with anyone,64,12,0
MSG_0395,Your monthly electricity bill is Rs. 161346. Due date is 15th.,Legitimate,0,User Report,your monthly electricity bill is rs 161346 due date is 15th,62,11,0
MSG_0396,Your monthly electricity bill is Rs. 69877. Due date is 15th.,Legitimate,0,User Report,your monthly electricity bill is rs 69877 due date is 15th,61,11,0
MSG_0397,Reminder: Doctor appointment scheduled for tomorrow at 4 PM.,Legitimate,0,SMS,reminder doctor appointment scheduled for tomorrow at 4 pm,60,9,0
MSG_0398,Reminder: Doctor appointment scheduled for tomorrow at 4 PM.,Legitimate,0,WhatsApp,reminder doctor appointment scheduled for tomorrow at 4 pm,60,9,0
MSG_0399,Your monthly electricity bill is Rs. 371304. Due date is 15th.,Legitimate,0,WhatsApp,your monthly electricity bill is rs 371304 due date is 15th,62,11,0
MSG_0400,Your package from Daraz has been dispatched. Track at official app.,Legitimate,0,User Report,your package from daraz has been dispatched track at official app,67,11,0
MSG_0401,Urgent: Your parcel is held at customs. Pay Rs. 1879 clearance fee to deliver.,Payment,1,SMS,urgent your parcel is held at customs pay rs 1879 clearance fee to deliver,78,14,1
MSG_0402,Urgent: Your parcel is held at customs. Pay Rs. 1280 clearance fee to deliver.,Payment,1,WhatsApp,urgent your parcel is held at customs pay rs 1280 clearance fee to deliver,78,14,1
MSG_0403,"Hi Mom, I lost my phone. Send Rs. 76525 to this account urgently, need help.",Impersonation,1,WhatsApp,hi mom i lost my phone send rs 76525 to this account urgently need help,76,15,1
MSG_0404,Guaranteed 95% weekly return on crypto investment. Deposit now to secure your spot.,Investment,1,SMS,guaranteed 95 weekly return on crypto investment deposit now to secure your spot,83,13,0
MSG_0405,Your OTP for transaction is 828449. Do not share it with anyone.,Banking,0,SMS,your otp for transaction is 828449 do not share it with anyone,64,12,0
MSG_0406,Earn Rs. 315112 daily by watching YouTube videos! Contact WhatsApp +923008691502.,Fake Job,1,User Report,earn rs 315112 daily by watching youtube videos contact whatsapp PHONE,81,11,0
MSG_0407,Congratulations! You won Rs. 427164. Pay Rs. 4878 processing fee to claim instantly.,Prize,1,WhatsApp,congratulations you won rs 427164 pay rs 4878 processing fee to claim instantly,84,13,1
MSG_0408,Earn Rs. 179274 daily by watching YouTube videos! Contact WhatsApp +923003191007.,Fake Job,1,User Report,earn rs 179274 daily by watching youtube videos contact whatsapp PHONE,81,11,0
MSG_0409,Earn Rs. 478794 daily by watching YouTube videos! Contact WhatsApp +923008710502.,Fake Job,1,WhatsApp,earn rs 478794 daily by watching youtube videos contact whatsapp PHONE,81,11,0
MSG_0410,Your package from Daraz has been dispatched. Track at official app.,Legitimate,0,User Report,your package from daraz has been dispatched track at official app,67,11,0
MSG_0411,"Hi, please review the document attached for tomorrow's meeting.",Legitimate,0,SMS,hi please review the document attached for tomorrows meeting,63,9,0
MSG_0412,"Hi, please review the document attached for tomorrow's meeting.",Legitimate,0,User Report,hi please review the document attached for tomorrows meeting,63,9,0
MSG_0413,Reminder: Doctor appointment scheduled for tomorrow at 4 PM.,Legitimate,0,SMS,reminder doctor appointment scheduled for tomorrow at 4 pm,60,9,0
MSG_0414,Your package from Daraz has been dispatched. Track at official app.,Legitimate,0,WhatsApp,your package from daraz has been dispatched track at official app,67,11,0
MSG_0415,"Hi, please review the document attached for tomorrow's meeting.",Legitimate,0,SMS,hi please review the document attached for tomorrows meeting,63,9,0
MSG_0416,Your package from Daraz has been dispatched. Track at official app.,Legitimate,0,SMS,your package from daraz has been dispatched track at official app,67,11,0
MSG_0417,"Dear customer, your bank account is suspended. Click link to verify details immediately.",Banking,1,WhatsApp,dear customer your bank account is suspended click link to verify details immediately,88,13,1
MSG_0418,Your monthly electricity bill is Rs. 350797. Due date is 15th.,Legitimate,0,User Report,your monthly electricity bill is rs 350797 due date is 15th,62,11,0
MSG_0419,Reminder: Doctor appointment scheduled for tomorrow at 4 PM.,Legitimate,0,WhatsApp,reminder doctor appointment scheduled for tomorrow at 4 pm,60,9,0
MSG_0420,Your monthly electricity bill is Rs. 392735. Due date is 15th.,Legitimate,0,WhatsApp,your monthly electricity bill is rs 392735 due date is 15th,62,11,0
MSG_0421,"Hi, please review the document attached for tomorrow's meeting.",Legitimate,0,User Report,hi please review the document attached for tomorrows meeting,63,9,0
MSG_0422,"Hi, please review the document attached for tomorrow's meeting.",Legitimate,0,User Report,hi please review the document attached for tomorrows meeting,63,9,0
MSG_0423,Earn Rs. 348779 daily by watching YouTube videos! Contact WhatsApp +923007474085.,Fake Job,1,WhatsApp,earn rs 348779 daily by watching youtube videos contact whatsapp PHONE,81,11,0
MSG_0424,Reminder: Doctor appointment scheduled for tomorrow at 4 PM.,Legitimate,0,SMS,reminder doctor appointment scheduled for tomorrow at 4 pm,60,9,0
MSG_0425,Reminder: Doctor appointment scheduled for tomorrow at 4 PM.,Legitimate,0,SMS,reminder doctor appointment scheduled for tomorrow at 4 pm,60,9,0
MSG_0426,Your OTP for transaction is 374921. Do not share it with anyone.,Banking,0,WhatsApp,your otp for transaction is 374921 do not share it with anyone,64,12,0
MSG_0427,Reminder: Doctor appointment scheduled for tomorrow at 4 PM.,Legitimate,0,SMS,reminder doctor appointment scheduled for tomorrow at 4 pm,60,9,0
MSG_0428,"Hi Mom, I lost my phone. Send Rs. 220909 to this account urgently, need help.",Impersonation,1,SMS,hi mom i lost my phone send rs 220909 to this account urgently need help,77,15,1
MSG_0429,"Hi, please review the document attached for tomorrow's meeting.",Legitimate,0,User Report,hi please review the document attached for tomorrows meeting,63,9,0
MSG_0430,Guaranteed 54% weekly return on crypto investment. Deposit now to secure your spot.,Investment,1,User Report,guaranteed 54 weekly return on crypto investment deposit now to secure your spot,83,13,0
MSG_0431,Your OTP for transaction is 221620. Do not share it with anyone.,Banking,0,User Report,your otp for transaction is 221620 do not share it with anyone,64,12,0
MSG_0432,"Hi, please review the document attached for tomorrow's meeting.",Legitimate,0,User Report,hi please review the document attached for tomorrows meeting,63,9,0
MSG_0433,Your package from Daraz has been dispatched. Track at official app.,Legitimate,0,WhatsApp,your package from daraz has been dispatched track at official app,67,11,0
MSG_0434,"Dear customer, your bank account is suspended. Click link to verify details immediately.",Banking,1,SMS,dear customer your bank account is suspended click link to verify details immediately,88,13,1
MSG_0435,Earn Rs. 284650 daily by watching YouTube videos! Contact WhatsApp +923002293020.,Fake Job,1,SMS,earn rs 284650 daily by watching youtube videos contact whatsapp PHONE,81,11,0
MSG_0436,Urgent: Your parcel is held at customs. Pay Rs. 954 clearance fee to deliver.,Payment,1,SMS,urgent your parcel is held at customs pay rs 954 clearance fee to deliver,77,14,1
MSG_0437,"Hi, please review the document attached for tomorrow's meeting.",Legitimate,0,WhatsApp,hi please review the document attached for tomorrows meeting,63,9,0
MSG_0438,Your OTP for transaction is 148215. Do not share it with anyone.,Banking,0,SMS,your otp for transaction is 148215 do not share it with anyone,64,12,0
MSG_0439,"Dear customer, your bank account is suspended. Click link to verify details immediately.",Banking,1,WhatsApp,dear customer your bank account is suspended click link to verify details immediately,88,13,1
MSG_0440,"Dear customer, your bank account is suspended. Click link to verify details immediately.",Banking,1,User Report,dear customer your bank account is suspended click link to verify details immediately,88,13,1
MSG_0441,Congratulations! You won Rs. 273214. Pay Rs. 931 processing fee to claim instantly.,Prize,1,WhatsApp,congratulations you won rs 273214 pay rs 931 processing fee to claim instantly,83,13,1
MSG_0442,Congratulations! You won Rs. 469795. Pay Rs. 4310 processing fee to claim instantly.,Prize,1,SMS,congratulations you won rs 469795 pay rs 4310 processing fee to claim instantly,84,13,1
MSG_0443,Your monthly electricity bill is Rs. 249466. Due date is 15th.,Legitimate,0,User Report,your monthly electricity bill is rs 249466 due date is 15th,62,11,0
MSG_0444,"Hi Mom, I lost my phone. Send Rs. 336483 to this account urgently, need help.",Impersonation,1,WhatsApp,hi mom i lost my phone send rs 336483 to this account urgently need help,77,15,1
MSG_0445,Your package from Daraz has been dispatched. Track at official app.,Legitimate,0,User Report,your package from daraz has been dispatched track at official app,67,11,0
MSG_0446,"Hi, please review the document attached for tomorrow's meeting.",Legitimate,0,User Report,hi please review the document attached for tomorrows meeting,63,9,0
MSG_0447,Reminder: Doctor appointment scheduled for tomorrow at 4 PM.,Legitimate,0,WhatsApp,reminder doctor appointment scheduled for tomorrow at 4 pm,60,9,0
MSG_0448,Your package from Daraz has been dispatched. Track at official app.,Legitimate,0,SMS,your package from daraz has been dispatched track at official app,67,11,0
MSG_0449,Your monthly electricity bill is Rs. 60109. Due date is 15th.,Legitimate,0,WhatsApp,your monthly electricity bill is rs 60109 due date is 15th,61,11,0
MSG_0450,Reminder: Doctor appointment scheduled for tomorrow at 4 PM.,Legitimate,0,SMS,reminder doctor appointment scheduled for tomorrow at 4 pm,60,9,0
MSG_0451,"Hi Mom, I lost my phone. Send Rs. 446155 to this account urgently, need help.",Impersonation,1,WhatsApp,hi mom i lost my phone send rs 446155 to this account urgently need help,77,15,1
MSG_0452,Your package from Daraz has been dispatched. Track at official app.,Legitimate,0,SMS,your package from daraz has been dispatched track at official app,67,11,0
MSG_0453,Earn Rs. 223129 daily by watching YouTube videos! Contact WhatsApp +923004483557.,Fake Job,1,SMS,earn rs 223129 daily by watching youtube videos contact whatsapp PHONE,81,11,0
MSG_0454,Guaranteed 26% weekly return on crypto investment. Deposit now to secure your spot.,Investment,1,User Report,guaranteed 26 weekly return on crypto investment deposit now to secure your spot,83,13,0
MSG_0455,Your package from Daraz has been dispatched. Track at official app.,Legitimate,0,SMS,your package from daraz has been dispatched track at official app,67,11,0
MSG_0456,Urgent: Your parcel is held at customs. Pay Rs. 2948 clearance fee to deliver.,Payment,1,WhatsApp,urgent your parcel is held at customs pay rs 2948 clearance fee to deliver,78,14,1
MSG_0457,Guaranteed 27% weekly return on crypto investment. Deposit now to secure your spot.,Investment,1,WhatsApp,guaranteed 27 weekly return on crypto investment deposit now to secure your spot,83,13,0
MSG_0458,Your OTP for transaction is 307757. Do not share it with anyone.,Banking,0,SMS,your otp for transaction is 307757 do not share it with anyone,64,12,0
MSG_0459,Your monthly electricity bill is Rs. 317295. Due date is 15th.,Legitimate,0,WhatsApp,your monthly electricity bill is rs 317295 due date is 15th,62,11,0
MSG_0460,"Dear customer, your bank account is suspended. Click link to verify details immediately.",Banking,1,WhatsApp,dear customer your bank account is suspended click link to verify details immediately,88,13,1
MSG_0461,Your monthly electricity bill is Rs. 237098. Due date is 15th.,Legitimate,0,User Report,your monthly electricity bill is rs 237098 due date is 15th,62,11,0
MSG_0462,"Dear customer, your bank account is suspended. Click link to verify details immediately.",Banking,1,SMS,dear customer your bank account is suspended click link to verify details immediately,88,13,1
MSG_0463,Your OTP for transaction is 409440. Do not share it with anyone.,Banking,0,SMS,your otp for transaction is 409440 do not share it with anyone,64,12,0
MSG_0464,Congratulations! You won Rs. 55991. Pay Rs. 2791 processing fee to claim instantly.,Prize,1,WhatsApp,congratulations you won rs 55991 pay rs 2791 processing fee to claim instantly,83,13,1
MSG_0465,Your monthly electricity bill is Rs. 426728. Due date is 15th.,Legitimate,0,SMS,your monthly electricity bill is rs 426728 due date is 15th,62,11,0
MSG_0466,Earn Rs. 488505 daily by watching YouTube videos! Contact WhatsApp +923005537157.,Fake Job,1,WhatsApp,earn rs 488505 daily by watching youtube videos contact whatsapp PHONE,81,11,0
MSG_0467,"Hi, please review the document attached for tomorrow's meeting.",Legitimate,0,WhatsApp,hi please review the document attached for tomorrows meeting,63,9,0
MSG_0468,Urgent: Your parcel is held at customs. Pay Rs. 2406 clearance fee to deliver.,Payment,1,User Report,urgent your parcel is held at customs pay rs 2406 clearance fee to deliver,78,14,1
MSG_0469,"Hi, please review the document attached for tomorrow's meeting.",Legitimate,0,SMS,hi please review the document attached for tomorrows meeting,63,9,0
MSG_0470,Your package from Daraz has been dispatched. Track at official app.,Legitimate,0,User Report,your package from daraz has been dispatched track at official app,67,11,0
MSG_0471,Urgent: Your parcel is held at customs. Pay Rs. 1664 clearance fee to deliver.,Payment,1,User Report,urgent your parcel is held at customs pay rs 1664 clearance fee to deliver,78,14,1
MSG_0472,"Dear customer, your bank account is suspended. Click link to verify details immediately.",Banking,1,User Report,dear customer your bank account is suspended click link to verify details immediately,88,13,1
MSG_0473,Your OTP for transaction is 447848. Do not share it with anyone.,Banking,0,WhatsApp,your otp for transaction is 447848 do not share it with anyone,64,12,0
MSG_0474,"Hi Mom, I lost my phone. Send Rs. 103040 to this account urgently, need help.",Impersonation,1,User Report,hi mom i lost my phone send rs 103040 to this account urgently need help,77,15,1
MSG_0475,Your OTP for transaction is 176054. Do not share it with anyone.,Banking,0,User Report,your otp for transaction is 176054 do not share it with anyone,64,12,0
MSG_0476,Urgent: Your parcel is held at customs. Pay Rs. 3257 clearance fee to deliver.,Payment,1,WhatsApp,urgent your parcel is held at customs pay rs 3257 clearance fee to deliver,78,14,1
MSG_0477,"Hi Mom, I lost my phone. Send Rs. 265433 to this account urgently, need help.",Impersonation,1,WhatsApp,hi mom i lost my phone send rs 265433 to this account urgently need help,77,15,1
MSG_0478,Reminder: Doctor appointment scheduled for tomorrow at 4 PM.,Legitimate,0,User Report,reminder doctor appointment scheduled for tomorrow at 4 pm,60,9,0
MSG_0479,Urgent: Your parcel is held at customs. Pay Rs. 1991 clearance fee to deliver.,Payment,1,User Report,urgent your parcel is held at customs pay rs 1991 clearance fee to deliver,78,14,1
MSG_0480,Reminder: Doctor appointment scheduled for tomorrow at 4 PM.,Legitimate,0,SMS,reminder doctor appointment scheduled for tomorrow at 4 pm,60,9,0
MSG_0481,Your OTP for transaction is 111949. Do not share it with anyone.,Banking,0,WhatsApp,your otp for transaction is 111949 do not share it with anyone,64,12,0
MSG_0482,Your OTP for transaction is 855408. Do not share it with anyone.,Banking,0,WhatsApp,your otp for transaction is 855408 do not share it with anyone,64,12,0
MSG_0483,Guaranteed 36% weekly return on crypto investment. Deposit now to secure your spot.,Investment,1,SMS,guaranteed 36 weekly return on crypto investment deposit now to secure your spot,83,13,0
MSG_0484,Urgent: Your parcel is held at customs. Pay Rs. 1330 clearance fee to deliver.,Payment,1,WhatsApp,urgent your parcel is held at customs pay rs 1330 clearance fee to deliver,78,14,1
MSG_0485,Congratulations! You won Rs. 429008. Pay Rs. 773 processing fee to claim instantly.,Prize,1,SMS,congratulations you won rs 429008 pay rs 773 processing fee to claim instantly,83,13,1
MSG_0486,Your OTP for transaction is 268720. Do not share it with anyone.,Banking,0,User Report,your otp for transaction is 268720 do not share it with anyone,64,12,0
MSG_0487,"Hi, please review the document attached for tomorrow's meeting.",Legitimate,0,User Report,hi please review the document attached for tomorrows meeting,63,9,0
MSG_0488,"Dear customer, your bank account is suspended. Click link to verify details immediately.",Banking,1,SMS,dear customer your bank account is suspended click link to verify details immediately,88,13,1
MSG_0489,"Hi Mom, I lost my phone. Send Rs. 157599 to this account urgently, need help.",Impersonation,1,SMS,hi mom i lost my phone send rs 157599 to this account urgently need help,77,15,1
MSG_0490,"Dear customer, your bank account is suspended. Click link to verify details immediately.",Banking,1,SMS,dear customer your bank account is suspended click link to verify details immediately,88,13,1
MSG_0491,"Dear customer, your bank account is suspended. Click link to verify details immediately.",Banking,1,WhatsApp,dear customer your bank account is suspended click link to verify details immediately,88,13,1
MSG_0492,Congratulations! You won Rs. 171665. Pay Rs. 3756 processing fee to claim instantly.,Prize,1,WhatsApp,congratulations you won rs 171665 pay rs 3756 processing fee to claim instantly,84,13,1
MSG_0493,"Dear customer, your bank account is suspended. Click link to verify details immediately.",Banking,1,WhatsApp,dear customer your bank account is suspended click link to verify details immediately,88,13,1
MSG_0494,Guaranteed 43% weekly return on crypto investment. Deposit now to secure your spot.,Investment,1,User Report,guaranteed 43 weekly return on crypto investment deposit now to secure your spot,83,13,0
MSG_0495,Your package from Daraz has been dispatched. Track at official app.,Legitimate,0,User Report,your package from daraz has been dispatched track at official app,67,11,0
MSG_0496,Urgent: Your parcel is held at customs. Pay Rs. 999 clearance fee to deliver.,Payment,1,SMS,urgent your parcel is held at customs pay rs 999 clearance fee to deliver,77,14,1
MSG_0497,Urgent: Your parcel is held at customs. Pay Rs. 2430 clearance fee to deliver.,Payment,1,SMS,urgent your parcel is held at customs pay rs 2430 clearance fee to deliver,78,14,1
MSG_0498,Your monthly electricity bill is Rs. 309483. Due date is 15th.,Legitimate,0,WhatsApp,your monthly electricity bill is rs 309483 due date is 15th,62,11,0
MSG_0499,"Dear customer, your bank account is suspended. Click link to verify details immediately.",Banking,1,SMS,dear customer your bank account is suspended click link to verify details immediately,88,13,1
MSG_0500,Reminder: Doctor appointment scheduled for tomorrow at 4 PM.,Legitimate,0,User Report,reminder doctor appointment scheduled for tomorrow at 4 pm,60,9,0
MSG_0501,Your OTP for transaction is 441968. Do not share it with anyone.,Banking,0,User Report,your otp for transaction is 441968 do not share it with anyone,64,12,0
MSG_0502,Congratulations! You won Rs. 422379. Pay Rs. 4780 processing fee to claim instantly.,Prize,1,WhatsApp,congratulations you won rs 422379 pay rs 4780 processing fee to claim instantly,84,13,1
MSG_0503,Your monthly electricity bill is Rs. 318246. Due date is 15th.,Legitimate,0,SMS,your monthly electricity bill is rs 318246 due date is 15th,62,11,0
MSG_0504,Guaranteed 98% weekly return on crypto investment. Deposit now to secure your spot.,Investment,1,WhatsApp,guaranteed 98 weekly return on crypto investment deposit now to secure your spot,83,13,0
MSG_0505,"Hi, please review the document attached for tomorrow's meeting.",Legitimate,0,WhatsApp,hi please review the document attached for tomorrows meeting,63,9,0
MSG_0506,Earn Rs. 372028 daily by watching YouTube videos! Contact WhatsApp +923008972838.,Fake Job,1,SMS,earn rs 372028 daily by watching youtube videos contact whatsapp PHONE,81,11,0
MSG_0507,Congratulations! You won Rs. 187139. Pay Rs. 2982 processing fee to claim instantly.,Prize,1,User Report,congratulations you won rs 187139 pay rs 2982 processing fee to claim instantly,84,13,1
MSG_0508,Your package from Daraz has been dispatched. Track at official app.,Legitimate,0,SMS,your package from daraz has been dispatched track at official app,67,11,0
MSG_0509,Urgent: Your parcel is held at customs. Pay Rs. 1231 clearance fee to deliver.,Payment,1,SMS,urgent your parcel is held at customs pay rs 1231 clearance fee to deliver,78,14,1
MSG_0510,Urgent: Your parcel is held at customs. Pay Rs. 3563 clearance fee to deliver.,Payment,1,WhatsApp,urgent your parcel is held at customs pay rs 3563 clearance fee to deliver,78,14,1
MSG_0511,"Hi Mom, I lost my phone. Send Rs. 275706 to this account urgently, need help.",Impersonation,1,User Report,hi mom i lost my phone send rs 275706 to this account urgently need help,77,15,1
MSG_0512,Your package from Daraz has been dispatched. Track at official app.,Legitimate,0,SMS,your package from daraz has been dispatched track at official app,67,11,0
MSG_0513,"Hi, please review the document attached for tomorrow's meeting.",Legitimate,0,User Report,hi please review the document attached for tomorrows meeting,63,9,0
MSG_0514,"Hi Mom, I lost my phone. Send Rs. 493956 to this account urgently, need help.",Impersonation,1,SMS,hi mom i lost my phone send rs 493956 to this account urgently need help,77,15,1
MSG_0515,"Dear customer, your bank account is suspended. Click link to verify details immediately.",Banking,1,SMS,dear customer your bank account is suspended click link to verify details immediately,88,13,1
MSG_0516,"Hi, please review the document attached for tomorrow's meeting.",Legitimate,0,WhatsApp,hi please review the document attached for tomorrows meeting,63,9,0
MSG_0517,Your monthly electricity bill is Rs. 418855. Due date is 15th.,Legitimate,0,User Report,your monthly electricity bill is rs 418855 due date is 15th,62,11,0
MSG_0518,"Hi, please review the document attached for tomorrow's meeting.",Legitimate,0,SMS,hi please review the document attached for tomorrows meeting,63,9,0
MSG_0519,Your package from Daraz has been dispatched. Track at official app.,Legitimate,0,User Report,your package from daraz has been dispatched track at official app,67,11,0
MSG_0520,Guaranteed 59% weekly return on crypto investment. Deposit now to secure your spot.,Investment,1,WhatsApp,guaranteed 59 weekly return on crypto investment deposit now to secure your spot,83,13,0
MSG_0521,Earn Rs. 365045 daily by watching YouTube videos! Contact WhatsApp +923002716512.,Fake Job,1,WhatsApp,earn rs 365045 daily by watching youtube videos contact whatsapp PHONE,81,11,0
MSG_0522,Urgent: Your parcel is held at customs. Pay Rs. 2815 clearance fee to deliver.,Payment,1,SMS,urgent your parcel is held at customs pay rs 2815 clearance fee to deliver,78,14,1
MSG_0523,"Hi, please review the document attached for tomorrow's meeting.",Legitimate,0,WhatsApp,hi please review the document attached for tomorrows meeting,63,9,0
MSG_0524,Your monthly electricity bill is Rs. 411329. Due date is 15th.,Legitimate,0,User Report,your monthly electricity bill is rs 411329 due date is 15th,62,11,0
MSG_0525,"Hi Mom, I lost my phone. Send Rs. 83363 to this account urgently, need help.",Impersonation,1,SMS,hi mom i lost my phone send rs 83363 to this account urgently need help,76,15,1
MSG_0526,Guaranteed 89% weekly return on crypto investment. Deposit now to secure your spot.,Investment,1,SMS,guaranteed 89 weekly return on crypto investment deposit now to secure your spot,83,13,0
MSG_0527,Your monthly electricity bill is Rs. 344660. Due date is 15th.,Legitimate,0,SMS,your monthly electricity bill is rs 344660 due date is 15th,62,11,0
MSG_0528,Your monthly electricity bill is Rs. 104967. Due date is 15th.,Legitimate,0,User Report,your monthly electricity bill is rs 104967 due date is 15th,62,11,0
MSG_0529,"Hi Mom, I lost my phone. Send Rs. 433804 to this account urgently, need help.",Impersonation,1,WhatsApp,hi mom i lost my phone send rs 433804 to this account urgently need help,77,15,1
MSG_0530,"Dear customer, your bank account is suspended. Click link to verify details immediately.",Banking,1,SMS,dear customer your bank account is suspended click link to verify details immediately,88,13,1
MSG_0531,Urgent: Your parcel is held at customs. Pay Rs. 4299 clearance fee to deliver.,Payment,1,User Report,urgent your parcel is held at customs pay rs 4299 clearance fee to deliver,78,14,1
MSG_0532,Reminder: Doctor appointment scheduled for tomorrow at 4 PM.,Legitimate,0,User Report,reminder doctor appointment scheduled for tomorrow at 4 pm,60,9,0
MSG_0533,Guaranteed 32% weekly return on crypto investment. Deposit now to secure your spot.,Investment,1,SMS,guaranteed 32 weekly return on crypto investment deposit now to secure your spot,83,13,0
MSG_0534,"Dear customer, your bank account is suspended. Click link to verify details immediately.",Banking,1,User Report,dear customer your bank account is suspended click link to verify details immediately,88,13,1
MSG_0535,"Hi, please review the document attached for tomorrow's meeting.",Legitimate,0,WhatsApp,hi please review the document attached for tomorrows meeting,63,9,0
MSG_0536,Your monthly electricity bill is Rs. 410809. Due date is 15th.,Legitimate,0,WhatsApp,your monthly electricity bill is rs 410809 due date is 15th,62,11,0
MSG_0537,"Hi Mom, I lost my phone. Send Rs. 235134 to this account urgently, need help.",Impersonation,1,WhatsApp,hi mom i lost my phone send rs 235134 to this account urgently need help,77,15,1
MSG_0538,Your monthly electricity bill is Rs. 114550. Due date is 15th.,Legitimate,0,WhatsApp,your monthly electricity bill is rs 114550 due date is 15th,62,11,0
MSG_0539,Your OTP for transaction is 827213. Do not share it with anyone.,Banking,0,SMS,your otp for transaction is 827213 do not share it with anyone,64,12,0
MSG_0540,Your OTP for transaction is 420984. Do not share it with anyone.,Banking,0,WhatsApp,your otp for transaction is 420984 do not share it with anyone,64,12,0
MSG_0541,"Hi, please review the document attached for tomorrow's meeting.",Legitimate,0,SMS,hi please review the document attached for tomorrows meeting,63,9,0
MSG_0542,"Hi Mom, I lost my phone. Send Rs. 80144 to this account urgently, need help.",Impersonation,1,WhatsApp,hi mom i lost my phone send rs 80144 to this account urgently need help,76,15,1
MSG_0543,Congratulations! You won Rs. 129756. Pay Rs. 2337 processing fee to claim instantly.,Prize,1,User Report,congratulations you won rs 129756 pay rs 2337 processing fee to claim instantly,84,13,1
MSG_0544,Your OTP for transaction is 771425. Do not share it with anyone.,Banking,0,User Report,your otp for transaction is 771425 do not share it with anyone,64,12,0
MSG_0545,Your monthly electricity bill is Rs. 35145. Due date is 15th.,Legitimate,0,WhatsApp,your monthly electricity bill is rs 35145 due date is 15th,61,11,0
MSG_0546,Reminder: Doctor appointment scheduled for tomorrow at 4 PM.,Legitimate,0,SMS,reminder doctor appointment scheduled for tomorrow at 4 pm,60,9,0
MSG_0547,Your package from Daraz has been dispatched. Track at official app.,Legitimate,0,User Report,your package from daraz has been dispatched track at official app,67,11,0
MSG_0548,Urgent: Your parcel is held at customs. Pay Rs. 1623 clearance fee to deliver.,Payment,1,User Report,urgent your parcel is held at customs pay rs 1623 clearance fee to deliver,78,14,1
MSG_0549,"Hi, please review the document attached for tomorrow's meeting.",Legitimate,0,SMS,hi please review the document attached for tomorrows meeting,63,9,0
MSG_0550,"Hi, please review the document attached for tomorrow's meeting.",Legitimate,0,User Report,hi please review the document attached for tomorrows meeting,63,9,0
MSG_0551,"Dear customer, your bank account is suspended. Click link to verify details immediately.",Banking,1,WhatsApp,dear customer your bank account is suspended click link to verify details immediately,88,13,1
MSG_0552,Your OTP for transaction is 194458. Do not share it with anyone.,Banking,0,WhatsApp,your otp for transaction is 194458 do not share it with anyone,64,12,0
MSG_0553,"Hi, please review the document attached for tomorrow's meeting.",Legitimate,0,SMS,hi please review the document attached for tomorrows meeting,63,9,0
MSG_0554,Your OTP for transaction is 993647. Do not share it with anyone.,Banking,0,SMS,your otp for transaction is 993647 do not share it with anyone,64,12,0
MSG_0555,Guaranteed 27% weekly return on crypto investment. Deposit now to secure your spot.,Investment,1,WhatsApp,guaranteed 27 weekly return on crypto investment deposit now to secure your spot,83,13,0
MSG_0556,Your package from Daraz has been dispatched. Track at official app.,Legitimate,0,User Report,your package from daraz has been dispatched track at official app,67,11,0
MSG_0557,"Hi, please review the document attached for tomorrow's meeting.",Legitimate,0,SMS,hi please review the document attached for tomorrows meeting,63,9,0
MSG_0558,Earn Rs. 448151 daily by watching YouTube videos! Contact WhatsApp +923008075620.,Fake Job,1,User Report,earn rs 448151 daily by watching youtube videos contact whatsapp PHONE,81,11,0
MSG_0559,Your OTP for transaction is 208751. Do not share it with anyone.,Banking,0,User Report,your otp for transaction is 208751 do not share it with anyone,64,12,0
MSG_0560,Urgent: Your parcel is held at customs. Pay Rs. 4089 clearance fee to deliver.,Payment,1,SMS,urgent your parcel is held at customs pay rs 4089 clearance fee to deliver,78,14,1
MSG_0561,Your package from Daraz has been dispatched. Track at official app.,Legitimate,0,WhatsApp,your package from daraz has been dispatched track at official app,67,11,0
MSG_0562,"Hi, please review the document attached for tomorrow's meeting.",Legitimate,0,User Report,hi please review the document attached for tomorrows meeting,63,9,0
MSG_0563,"Hi, please review the document attached for tomorrow's meeting.",Legitimate,0,User Report,hi please review the document attached for tomorrows meeting,63,9,0
MSG_0564,Reminder: Doctor appointment scheduled for tomorrow at 4 PM.,Legitimate,0,WhatsApp,reminder doctor appointment scheduled for tomorrow at 4 pm,60,9,0
MSG_0565,Your monthly electricity bill is Rs. 455039. Due date is 15th.,Legitimate,0,SMS,your monthly electricity bill is rs 455039 due date is 15th,62,11,0
MSG_0566,"Dear customer, your bank account is suspended. Click link to verify details immediately.",Banking,1,User Report,dear customer your bank account is suspended click link to verify details immediately,88,13,1
MSG_0567,Guaranteed 25% weekly return on crypto investment. Deposit now to secure your spot.,Investment,1,User Report,guaranteed 25 weekly return on crypto investment deposit now to secure your spot,83,13,0
MSG_0568,Congratulations! You won Rs. 459099. Pay Rs. 4583 processing fee to claim instantly.,Prize,1,SMS,congratulations you won rs 459099 pay rs 4583 processing fee to claim instantly,84,13,1
MSG_0569,Your OTP for transaction is 684194. Do not share it with anyone.,Banking,0,WhatsApp,your otp for transaction is 684194 do not share it with anyone,64,12,0
MSG_0570,Urgent: Your parcel is held at customs. Pay Rs. 2194 clearance fee to deliver.,Payment,1,SMS,urgent your parcel is held at customs pay rs 2194 clearance fee to deliver,78,14,1
MSG_0571,Congratulations! You won Rs. 438127. Pay Rs. 2326 processing fee to claim instantly.,Prize,1,User Report,congratulations you won rs 438127 pay rs 2326 processing fee to claim instantly,84,13,1
MSG_0572,"Hi Mom, I lost my phone. Send Rs. 247257 to this account urgently, need help.",Impersonation,1,WhatsApp,hi mom i lost my phone send rs 247257 to this account urgently need help,77,15,1
MSG_0573,Earn Rs. 445098 daily by watching YouTube videos! Contact WhatsApp +923007272839.,Fake Job,1,User Report,earn rs 445098 daily by watching youtube videos contact whatsapp PHONE,81,11,0
MSG_0574,Your OTP for transaction is 247271. Do not share it with anyone.,Banking,0,WhatsApp,your otp for transaction is 247271 do not share it with anyone,64,12,0
MSG_0575,Urgent: Your parcel is held at customs. Pay Rs. 2036 clearance fee to deliver.,Payment,1,WhatsApp,urgent your parcel is held at customs pay rs 2036 clearance fee to deliver,78,14,1
MSG_0576,"Dear customer, your bank account is suspended. Click link to verify details immediately.",Banking,1,WhatsApp,dear customer your bank account is suspended click link to verify details immediately,88,13,1
MSG_0577,Reminder: Doctor appointment scheduled for tomorrow at 4 PM.,Legitimate,0,User Report,reminder doctor appointment scheduled for tomorrow at 4 pm,60,9,0
MSG_0578,Your monthly electricity bill is Rs. 236917. Due date is 15th.,Legitimate,0,User Report,your monthly electricity bill is rs 236917 due date is 15th,62,11,0
MSG_0579,Your package from Daraz has been dispatched. Track at official app.,Legitimate,0,User Report,your package from daraz has been dispatched track at official app,67,11,0
MSG_0580,Guaranteed 50% weekly return on crypto investment. Deposit now to secure your spot.,Investment,1,SMS,guaranteed 50 weekly return on crypto investment deposit now to secure your spot,83,13,0
MSG_0581,"Dear customer, your bank account is suspended. Click link to verify details immediately.",Banking,1,SMS,dear customer your bank account is suspended click link to verify details immediately,88,13,1
MSG_0582,"Hi Mom, I lost my phone. Send Rs. 396305 to this account urgently, need help.",Impersonation,1,User Report,hi mom i lost my phone send rs 396305 to this account urgently need help,77,15,1
MSG_0583,"Hi Mom, I lost my phone. Send Rs. 79558 to this account urgently, need help.",Impersonation,1,User Report,hi mom i lost my phone send rs 79558 to this account urgently need help,76,15,1
MSG_0584,"Hi, please review the document attached for tomorrow's meeting.",Legitimate,0,User Report,hi please review the document attached for tomorrows meeting,63,9,0
MSG_0585,Guaranteed 81% weekly return on crypto investment. Deposit now to secure your spot.,Investment,1,SMS,guaranteed 81 weekly return on crypto investment deposit now to secure your spot,83,13,0
MSG_0586,Your OTP for transaction is 379947. Do not share it with anyone.,Banking,0,SMS,your otp for transaction is 379947 do not share it with anyone,64,12,0
MSG_0587,"Dear customer, your bank account is suspended. Click link to verify details immediately.",Banking,1,SMS,dear customer your bank account is suspended click link to verify details immediately,88,13,1
MSG_0588,Congratulations! You won Rs. 333018. Pay Rs. 2337 processing fee to claim instantly.,Prize,1,WhatsApp,congratulations you won rs 333018 pay rs 2337 processing fee to claim instantly,84,13,1
MSG_0589,"Hi Mom, I lost my phone. Send Rs. 358386 to this account urgently, need help.",Impersonation,1,User Report,hi mom i lost my phone send rs 358386 to this account urgently need help,77,15,1
MSG_0590,Urgent: Your parcel is held at customs. Pay Rs. 606 clearance fee to deliver.,Payment,1,WhatsApp,urgent your parcel is held at customs pay rs 606 clearance fee to deliver,77,14,1
MSG_0591,Urgent: Your parcel is held at customs. Pay Rs. 2109 clearance fee to deliver.,Payment,1,WhatsApp,urgent your parcel is held at customs pay rs 2109 clearance fee to deliver,78,14,1
MSG_0592,Your package from Daraz has been dispatched. Track at official app.,Legitimate,0,SMS,your package from daraz has been dispatched track at official app,67,11,0
MSG_0593,Urgent: Your parcel is held at customs. Pay Rs. 1565 clearance fee to deliver.,Payment,1,WhatsApp,urgent your parcel is held at customs pay rs 1565 clearance fee to deliver,78,14,1
MSG_0594,Guaranteed 20% weekly return on crypto investment. Deposit now to secure your spot.,Investment,1,User Report,guaranteed 20 weekly return on crypto investment deposit now to secure your spot,83,13,0
MSG_0595,Your monthly electricity bill is Rs. 452048. Due date is 15th.,Legitimate,0,WhatsApp,your monthly electricity bill is rs 452048 due date is 15th,62,11,0
MSG_0596,Urgent: Your parcel is held at customs. Pay Rs. 2006 clearance fee to deliver.,Payment,1,WhatsApp,urgent your parcel is held at customs pay rs 2006 clearance fee to deliver,78,14,1
MSG_0597,Urgent: Your parcel is held at customs. Pay Rs. 3804 clearance fee to deliver.,Payment,1,WhatsApp,urgent your parcel is held at customs pay rs 3804 clearance fee to deliver,78,14,1
MSG_0598,Earn Rs. 199161 daily by watching YouTube videos! Contact WhatsApp +923009900294.,Fake Job,1,SMS,earn rs 199161 daily by watching youtube videos contact whatsapp PHONE,81,11,0
MSG_0599,Your OTP for transaction is 352023. Do not share it with anyone.,Banking,0,WhatsApp,your otp for transaction is 352023 do not share it with anyone,64,12,0
MSG_0600,Guaranteed 64% weekly return on crypto investment. Deposit now to secure your spot.,Investment,1,WhatsApp,guaranteed 64 weekly return on crypto investment deposit now to secure your spot,83,13,0
MSG_0601,Urgent: Your parcel is held at customs. Pay Rs. 4667 clearance fee to deliver.,Payment,1,SMS,urgent your parcel is held at customs pay rs 4667 clearance fee to deliver,78,14,1
MSG_0602,"Hi, please review the document attached for tomorrow's meeting.",Legitimate,0,WhatsApp,hi please review the document attached for tomorrows meeting,63,9,0
MSG_0603,Your package from Daraz has been dispatched. Track at official app.,Legitimate,0,WhatsApp,your package from daraz has been dispatched track at official app,67,11,0
MSG_0604,"Hi Mom, I lost my phone. Send Rs. 438214 to this account urgently, need help.",Impersonation,1,User Report,hi mom i lost my phone send rs 438214 to this account urgently need help,77,15,1
MSG_0605,Congratulations! You won Rs. 55886. Pay Rs. 1100 processing fee to claim instantly.,Prize,1,User Report,congratulations you won rs 55886 pay rs 1100 processing fee to claim instantly,83,13,1
MSG_0606,Your monthly electricity bill is Rs. 440765. Due date is 15th.,Legitimate,0,SMS,your monthly electricity bill is rs 440765 due date is 15th,62,11,0
MSG_0607,Guaranteed 64% weekly return on crypto investment. Deposit now to secure your spot.,Investment,1,User Report,guaranteed 64 weekly return on crypto investment deposit now to secure your spot,83,13,0
MSG_0608,Your monthly electricity bill is Rs. 43154. Due date is 15th.,Legitimate,0,WhatsApp,your monthly electricity bill is rs 43154 due date is 15th,61,11,0
MSG_0609,"Hi Mom, I lost my phone. Send Rs. 167994 to this account urgently, need help.",Impersonation,1,SMS,hi mom i lost my phone send rs 167994 to this account urgently need help,77,15,1
MSG_0610,"Hi Mom, I lost my phone. Send Rs. 26158 to this account urgently, need help.",Impersonation,1,WhatsApp,hi mom i lost my phone send rs 26158 to this account urgently need help,76,15,1
MSG_0611,Urgent: Your parcel is held at customs. Pay Rs. 1680 clearance fee to deliver.,Payment,1,WhatsApp,urgent your parcel is held at customs pay rs 1680 clearance fee to deliver,78,14,1
MSG_0612,Your OTP for transaction is 725637. Do not share it with anyone.,Banking,0,User Report,your otp for transaction is 725637 do not share it with anyone,64,12,0
MSG_0613,"Hi, please review the document attached for tomorrow's meeting.",Legitimate,0,WhatsApp,hi please review the document attached for tomorrows meeting,63,9,0
MSG_0614,Your package from Daraz has been dispatched. Track at official app.,Legitimate,0,User Report,your package from daraz has been dispatched track at official app,67,11,0
MSG_0615,Your monthly electricity bill is Rs. 251835. Due date is 15th.,Legitimate,0,SMS,your monthly electricity bill is rs 251835 due date is 15th,62,11,0
MSG_0616,Your package from Daraz has been dispatched. Track at official app.,Legitimate,0,User Report,your package from daraz has been dispatched track at official app,67,11,0
MSG_0617,Your OTP for transaction is 433222. Do not share it with anyone.,Banking,0,SMS,your otp for transaction is 433222 do not share it with anyone,64,12,0
MSG_0618,Urgent: Your parcel is held at customs. Pay Rs. 3004 clearance fee to deliver.,Payment,1,SMS,urgent your parcel is held at customs pay rs 3004 clearance fee to deliver,78,14,1
MSG_0619,"Dear customer, your bank account is suspended. Click link to verify details immediately.",Banking,1,User Report,dear customer your bank account is suspended click link to verify details immediately,88,13,1
MSG_0620,Earn Rs. 450459 daily by watching YouTube videos! Contact WhatsApp +923006562703.,Fake Job,1,SMS,earn rs 450459 daily by watching youtube videos contact whatsapp PHONE,81,11,0
MSG_0621,Guaranteed 77% weekly return on crypto investment. Deposit now to secure your spot.,Investment,1,WhatsApp,guaranteed 77 weekly return on crypto investment deposit now to secure your spot,83,13,0
MSG_0622,"Hi, please review the document attached for tomorrow's meeting.",Legitimate,0,User Report,hi please review the document attached for tomorrows meeting,63,9,0
MSG_0623,Your OTP for transaction is 762308. Do not share it with anyone.,Banking,0,User Report,your otp for transaction is 762308 do not share it with anyone,64,12,0
MSG_0624,Urgent: Your parcel is held at customs. Pay Rs. 800 clearance fee to deliver.,Payment,1,User Report,urgent your parcel is held at customs pay rs 800 clearance fee to deliver,77,14,1
MSG_0625,"Hi, please review the document attached for tomorrow's meeting.",Legitimate,0,WhatsApp,hi please review the document attached for tomorrows meeting,63,9,0
MSG_0626,Urgent: Your parcel is held at customs. Pay Rs. 1241 clearance fee to deliver.,Payment,1,WhatsApp,urgent your parcel is held at customs pay rs 1241 clearance fee to deliver,78,14,1
MSG_0627,Your monthly electricity bill is Rs. 368697. Due date is 15th.,Legitimate,0,WhatsApp,your monthly electricity bill is rs 368697 due date is 15th,62,11,0
MSG_0628,Your monthly electricity bill is Rs. 306648. Due date is 15th.,Legitimate,0,WhatsApp,your monthly electricity bill is rs 306648 due date is 15th,62,11,0
MSG_0629,"Dear customer, your bank account is suspended. Click link to verify details immediately.",Banking,1,User Report,dear customer your bank account is suspended click link to verify details immediately,88,13,1
MSG_0630,Your monthly electricity bill is Rs. 485909. Due date is 15th.,Legitimate,0,WhatsApp,your monthly electricity bill is rs 485909 due date is 15th,62,11,0
MSG_0631,"Hi, please review the document attached for tomorrow's meeting.",Legitimate,0,User Report,hi please review the document attached for tomorrows meeting,63,9,0
MSG_0632,Urgent: Your parcel is held at customs. Pay Rs. 1924 clearance fee to deliver.,Payment,1,SMS,urgent your parcel is held at customs pay rs 1924 clearance fee to deliver,78,14,1
MSG_0633,Your monthly electricity bill is Rs. 141903. Due date is 15th.,Legitimate,0,SMS,your monthly electricity bill is rs 141903 due date is 15th,62,11,0
MSG_0634,Guaranteed 92% weekly return on crypto investment. Deposit now to secure your spot.,Investment,1,WhatsApp,guaranteed 92 weekly return on crypto investment deposit now to secure your spot,83,13,0
MSG_0635,"Dear customer, your bank account is suspended. Click link to verify details immediately.",Banking,1,WhatsApp,dear customer your bank account is suspended click link to verify details immediately,88,13,1
MSG_0636,Your package from Daraz has been dispatched. Track at official app.,Legitimate,0,User Report,your package from daraz has been dispatched track at official app,67,11,0
MSG_0637,Reminder: Doctor appointment scheduled for tomorrow at 4 PM.,Legitimate,0,SMS,reminder doctor appointment scheduled for tomorrow at 4 pm,60,9,0
MSG_0638,Your monthly electricity bill is Rs. 94539. Due date is 15th.,Legitimate,0,WhatsApp,your monthly electricity bill is rs 94539 due date is 15th,61,11,0
MSG_0639,Your package from Daraz has been dispatched. Track at official app.,Legitimate,0,WhatsApp,your package from daraz has been dispatched track at official app,67,11,0
MSG_0640,"Hi, please review the document attached for tomorrow's meeting.",Legitimate,0,User Report,hi please review the document attached for tomorrows meeting,63,9,0
MSG_0641,Congratulations! You won Rs. 123557. Pay Rs. 4179 processing fee to claim instantly.,Prize,1,WhatsApp,congratulations you won rs 123557 pay rs 4179 processing fee to claim instantly,84,13,1
MSG_0642,Reminder: Doctor appointment scheduled for tomorrow at 4 PM.,Legitimate,0,User Report,reminder doctor appointment scheduled for tomorrow at 4 pm,60,9,0
MSG_0643,"Dear customer, your bank account is suspended. Click link to verify details immediately.",Banking,1,WhatsApp,dear customer your bank account is suspended click link to verify details immediately,88,13,1
MSG_0644,Guaranteed 17% weekly return on crypto investment. Deposit now to secure your spot.,Investment,1,User Report,guaranteed 17 weekly return on crypto investment deposit now to secure your spot,83,13,0
MSG_0645,"Dear customer, your bank account is suspended. Click link to verify details immediately.",Banking,1,User Report,dear customer your bank account is suspended click link to verify details immediately,88,13,1
MSG_0646,Your OTP for transaction is 665482. Do not share it with anyone.,Banking,0,User Report,your otp for transaction is 665482 do not share it with anyone,64,12,0
MSG_0647,Urgent: Your parcel is held at customs. Pay Rs. 3534 clearance fee to deliver.,Payment,1,SMS,urgent your parcel is held at customs pay rs 3534 clearance fee to deliver,78,14,1
MSG_0648,Reminder: Doctor appointment scheduled for tomorrow at 4 PM.,Legitimate,0,SMS,reminder doctor appointment scheduled for tomorrow at 4 pm,60,9,0
MSG_0649,"Hi, please review the document attached for tomorrow's meeting.",Legitimate,0,SMS,hi please review the document attached for tomorrows meeting,63,9,0
MSG_0650,Your OTP for transaction is 647923. Do not share it with anyone.,Banking,0,User Report,your otp for transaction is 647923 do not share it with anyone,64,12,0
MSG_0651,Reminder: Doctor appointment scheduled for tomorrow at 4 PM.,Legitimate,0,WhatsApp,reminder doctor appointment scheduled for tomorrow at 4 pm,60,9,0
MSG_0652,Reminder: Doctor appointment scheduled for tomorrow at 4 PM.,Legitimate,0,SMS,reminder doctor appointment scheduled for tomorrow at 4 pm,60,9,0
MSG_0653,Urgent: Your parcel is held at customs. Pay Rs. 3755 clearance fee to deliver.,Payment,1,WhatsApp,urgent your parcel is held at customs pay rs 3755 clearance fee to deliver,78,14,1
MSG_0654,Urgent: Your parcel is held at customs. Pay Rs. 4462 clearance fee to deliver.,Payment,1,User Report,urgent your parcel is held at customs pay rs 4462 clearance fee to deliver,78,14,1
MSG_0655,"Hi Mom, I lost my phone. Send Rs. 82387 to this account urgently, need help.",Impersonation,1,WhatsApp,hi mom i lost my phone send rs 82387 to this account urgently need help,76,15,1
MSG_0656,Your monthly electricity bill is Rs. 220009. Due date is 15th.,Legitimate,0,WhatsApp,your monthly electricity bill is rs 220009 due date is 15th,62,11,0
MSG_0657,"Hi Mom, I lost my phone. Send Rs. 12773 to this account urgently, need help.",Impersonation,1,WhatsApp,hi mom i lost my phone send rs 12773 to this account urgently need help,76,15,1
MSG_0658,"Hi, please review the document attached for tomorrow's meeting.",Legitimate,0,User Report,hi please review the document attached for tomorrows meeting,63,9,0
MSG_0659,Guaranteed 51% weekly return on crypto investment. Deposit now to secure your spot.,Investment,1,WhatsApp,guaranteed 51 weekly return on crypto investment deposit now to secure your spot,83,13,0
MSG_0660,Guaranteed 99% weekly return on crypto investment. Deposit now to secure your spot.,Investment,1,SMS,guaranteed 99 weekly return on crypto investment deposit now to secure your spot,83,13,0
MSG_0661,Your OTP for transaction is 832377. Do not share it with anyone.,Banking,0,User Report,your otp for transaction is 832377 do not share it with anyone,64,12,0
MSG_0662,Your OTP for transaction is 100301. Do not share it with anyone.,Banking,0,WhatsApp,your otp for transaction is 100301 do not share it with anyone,64,12,0
MSG_0663,Guaranteed 66% weekly return on crypto investment. Deposit now to secure your spot.,Investment,1,User Report,guaranteed 66 weekly return on crypto investment deposit now to secure your spot,83,13,0
MSG_0664,Your OTP for transaction is 398313. Do not share it with anyone.,Banking,0,SMS,your otp for transaction is 398313 do not share it with anyone,64,12,0
MSG_0665,"Dear customer, your bank account is suspended. Click link to verify details immediately.",Banking,1,SMS,dear customer your bank account is suspended click link to verify details immediately,88,13,1
MSG_0666,Reminder: Doctor appointment scheduled for tomorrow at 4 PM.,Legitimate,0,SMS,reminder doctor appointment scheduled for tomorrow at 4 pm,60,9,0
MSG_0667,Congratulations! You won Rs. 430972. Pay Rs. 4704 processing fee to claim instantly.,Prize,1,User Report,congratulations you won rs 430972 pay rs 4704 processing fee to claim instantly,84,13,1
MSG_0668,Guaranteed 46% weekly return on crypto investment. Deposit now to secure your spot.,Investment,1,SMS,guaranteed 46 weekly return on crypto investment deposit now to secure your spot,83,13,0
MSG_0669,Urgent: Your parcel is held at customs. Pay Rs. 724 clearance fee to deliver.,Payment,1,WhatsApp,urgent your parcel is held at customs pay rs 724 clearance fee to deliver,77,14,1
MSG_0670,"Hi Mom, I lost my phone. Send Rs. 423482 to this account urgently, need help.",Impersonation,1,SMS,hi mom i lost my phone send rs 423482 to this account urgently need help,77,15,1
MSG_0671,Urgent: Your parcel is held at customs. Pay Rs. 579 clearance fee to deliver.,Payment,1,WhatsApp,urgent your parcel is held at customs pay rs 579 clearance fee to deliver,77,14,1
MSG_0672,"Hi Mom, I lost my phone. Send Rs. 402580 to this account urgently, need help.",Impersonation,1,SMS,hi mom i lost my phone send rs 402580 to this account urgently need help,77,15,1
MSG_0673,Earn Rs. 124591 daily by watching YouTube videos! Contact WhatsApp +923004190481.,Fake Job,1,SMS,earn rs 124591 daily by watching youtube videos contact whatsapp PHONE,81,11,0
MSG_0674,Your package from Daraz has been dispatched. Track at official app.,Legitimate,0,WhatsApp,your package from daraz has been dispatched track at official app,67,11,0
MSG_0675,Your monthly electricity bill is Rs. 196660. Due date is 15th.,Legitimate,0,User Report,your monthly electricity bill is rs 196660 due date is 15th,62,11,0
MSG_0676,Urgent: Your parcel is held at customs. Pay Rs. 4935 clearance fee to deliver.,Payment,1,SMS,urgent your parcel is held at customs pay rs 4935 clearance fee to deliver,78,14,1
MSG_0677,Guaranteed 77% weekly return on crypto investment. Deposit now to secure your spot.,Investment,1,SMS,guaranteed 77 weekly return on crypto investment deposit now to secure your spot,83,13,0
MSG_0678,"Dear customer, your bank account is suspended. Click link to verify details immediately.",Banking,1,SMS,dear customer your bank account is suspended click link to verify details immediately,88,13,1
MSG_0679,Your monthly electricity bill is Rs. 192079. Due date is 15th.,Legitimate,0,User Report,your monthly electricity bill is rs 192079 due date is 15th,62,11,0
MSG_0680,Earn Rs. 371344 daily by watching YouTube videos! Contact WhatsApp +923004535838.,Fake Job,1,SMS,earn rs 371344 daily by watching youtube videos contact whatsapp PHONE,81,11,0
MSG_0681,"Hi, please review the document attached for tomorrow's meeting.",Legitimate,0,WhatsApp,hi please review the document attached for tomorrows meeting,63,9,0
MSG_0682,Guaranteed 61% weekly return on crypto investment. Deposit now to secure your spot.,Investment,1,SMS,guaranteed 61 weekly return on crypto investment deposit now to secure your spot,83,13,0
MSG_0683,Reminder: Doctor appointment scheduled for tomorrow at 4 PM.,Legitimate,0,SMS,reminder doctor appointment scheduled for tomorrow at 4 pm,60,9,0
MSG_0684,"Dear customer, your bank account is suspended. Click link to verify details immediately.",Banking,1,WhatsApp,dear customer your bank account is suspended click link to verify details immediately,88,13,1
MSG_0685,"Dear customer, your bank account is suspended. Click link to verify details immediately.",Banking,1,User Report,dear customer your bank account is suspended click link to verify details immediately,88,13,1
MSG_0686,Reminder: Doctor appointment scheduled for tomorrow at 4 PM.,Legitimate,0,WhatsApp,reminder doctor appointment scheduled for tomorrow at 4 pm,60,9,0
MSG_0687,Guaranteed 86% weekly return on crypto investment. Deposit now to secure your spot.,Investment,1,SMS,guaranteed 86 weekly return on crypto investment deposit now to secure your spot,83,13,0
MSG_0688,Your package from Daraz has been dispatched. Track at official app.,Legitimate,0,SMS,your package from daraz has been dispatched track at official app,67,11,0
MSG_0689,Earn Rs. 199248 daily by watching YouTube videos! Contact WhatsApp +923005323737.,Fake Job,1,SMS,earn rs 199248 daily by watching youtube videos contact whatsapp PHONE,81,11,0
MSG_0690,Reminder: Doctor appointment scheduled for tomorrow at 4 PM.,Legitimate,0,SMS,reminder doctor appointment scheduled for tomorrow at 4 pm,60,9,0
MSG_0691,Earn Rs. 362946 daily by watching YouTube videos! Contact WhatsApp +923008498243.,Fake Job,1,WhatsApp,earn rs 362946 daily by watching youtube videos contact whatsapp PHONE,81,11,0
MSG_0692,Urgent: Your parcel is held at customs. Pay Rs. 4299 clearance fee to deliver.,Payment,1,User Report,urgent your parcel is held at customs pay rs 4299 clearance fee to deliver,78,14,1
MSG_0693,Guaranteed 24% weekly return on crypto investment. Deposit now to secure your spot.,Investment,1,SMS,guaranteed 24 weekly return on crypto investment deposit now to secure your spot,83,13,0
MSG_0694,"Hi, please review the document attached for tomorrow's meeting.",Legitimate,0,SMS,hi please review the document attached for tomorrows meeting,63,9,0
MSG_0695,Earn Rs. 402112 daily by watching YouTube videos! Contact WhatsApp +923003807132.,Fake Job,1,WhatsApp,earn rs 402112 daily by watching youtube videos contact whatsapp PHONE,81,11,0
MSG_0696,Your package from Daraz has been dispatched. Track at official app.,Legitimate,0,WhatsApp,your package from daraz has been dispatched track at official app,67,11,0
MSG_0697,Reminder: Doctor appointment scheduled for tomorrow at 4 PM.,Legitimate,0,WhatsApp,reminder doctor appointment scheduled for tomorrow at 4 pm,60,9,0
MSG_0698,Urgent: Your parcel is held at customs. Pay Rs. 1181 clearance fee to deliver.,Payment,1,WhatsApp,urgent your parcel is held at customs pay rs 1181 clearance fee to deliver,78,14,1
MSG_0699,Earn Rs. 130248 daily by watching YouTube videos! Contact WhatsApp +923003120836.,Fake Job,1,WhatsApp,earn rs 130248 daily by watching youtube videos contact whatsapp PHONE,81,11,0
MSG_0700,Your OTP for transaction is 599284. Do not share it with anyone.,Banking,0,User Report,your otp for transaction is 599284 do not share it with anyone,64,12,0
MSG_0701,Urgent: Your parcel is held at customs. Pay Rs. 1606 clearance fee to deliver.,Payment,1,User Report,urgent your parcel is held at customs pay rs 1606 clearance fee to deliver,78,14,1
MSG_0702,Urgent: Your parcel is held at customs. Pay Rs. 4872 clearance fee to deliver.,Payment,1,User Report,urgent your parcel is held at customs pay rs 4872 clearance fee to deliver,78,14,1
MSG_0703,Your OTP for transaction is 532227. Do not share it with anyone.,Banking,0,WhatsApp,your otp for transaction is 532227 do not share it with anyone,64,12,0
MSG_0704,Congratulations! You won Rs. 10048. Pay Rs. 4787 processing fee to claim instantly.,Prize,1,SMS,congratulations you won rs 10048 pay rs 4787 processing fee to claim instantly,83,13,1
MSG_0705,Reminder: Doctor appointment scheduled for tomorrow at 4 PM.,Legitimate,0,SMS,reminder doctor appointment scheduled for tomorrow at 4 pm,60,9,0
MSG_0706,Your OTP for transaction is 531736. Do not share it with anyone.,Banking,0,SMS,your otp for transaction is 531736 do not share it with anyone,64,12,0
MSG_0707,Your package from Daraz has been dispatched. Track at official app.,Legitimate,0,WhatsApp,your package from daraz has been dispatched track at official app,67,11,0
MSG_0708,"Hi Mom, I lost my phone. Send Rs. 135599 to this account urgently, need help.",Impersonation,1,SMS,hi mom i lost my phone send rs 135599 to this account urgently need help,77,15,1
MSG_0709,Guaranteed 38% weekly return on crypto investment. Deposit now to secure your spot.,Investment,1,WhatsApp,guaranteed 38 weekly return on crypto investment deposit now to secure your spot,83,13,0
MSG_0710,Urgent: Your parcel is held at customs. Pay Rs. 2729 clearance fee to deliver.,Payment,1,SMS,urgent your parcel is held at customs pay rs 2729 clearance fee to deliver,78,14,1
MSG_0711,Your package from Daraz has been dispatched. Track at official app.,Legitimate,0,SMS,your package from daraz has been dispatched track at official app,67,11,0
MSG_0712,"Dear customer, your bank account is suspended. Click link to verify details immediately.",Banking,1,WhatsApp,dear customer your bank account is suspended click link to verify details immediately,88,13,1
MSG_0713,Reminder: Doctor appointment scheduled for tomorrow at 4 PM.,Legitimate,0,SMS,reminder doctor appointment scheduled for tomorrow at 4 pm,60,9,0
MSG_0714,"Hi Mom, I lost my phone. Send Rs. 424934 to this account urgently, need help.",Impersonation,1,WhatsApp,hi mom i lost my phone send rs 424934 to this account urgently need help,77,15,1
MSG_0715,Guaranteed 75% weekly return on crypto investment. Deposit now to secure your spot.,Investment,1,SMS,guaranteed 75 weekly return on crypto investment deposit now to secure your spot,83,13,0
MSG_0716,Congratulations! You won Rs. 73942. Pay Rs. 2539 processing fee to claim instantly.,Prize,1,WhatsApp,congratulations you won rs 73942 pay rs 2539 processing fee to claim instantly,83,13,1
MSG_0717,Your package from Daraz has been dispatched. Track at official app.,Legitimate,0,SMS,your package from daraz has been dispatched track at official app,67,11,0
MSG_0718,"Hi Mom, I lost my phone. Send Rs. 173635 to this account urgently, need help.",Impersonation,1,User Report,hi mom i lost my phone send rs 173635 to this account urgently need help,77,15,1
MSG_0719,"Hi, please review the document attached for tomorrow's meeting.",Legitimate,0,User Report,hi please review the document attached for tomorrows meeting,63,9,0
MSG_0720,Your OTP for transaction is 115799. Do not share it with anyone.,Banking,0,SMS,your otp for transaction is 115799 do not share it with anyone,64,12,0
MSG_0721,Reminder: Doctor appointment scheduled for tomorrow at 4 PM.,Legitimate,0,User Report,reminder doctor appointment scheduled for tomorrow at 4 pm,60,9,0
MSG_0722,"Hi, please review the document attached for tomorrow's meeting.",Legitimate,0,WhatsApp,hi please review the document attached for tomorrows meeting,63,9,0
MSG_0723,"Hi Mom, I lost my phone. Send Rs. 41484 to this account urgently, need help.",Impersonation,1,User Report,hi mom i lost my phone send rs 41484 to this account urgently need help,76,15,1
MSG_0724,Your package from Daraz has been dispatched. Track at official app.,Legitimate,0,SMS,your package from daraz has been dispatched track at official app,67,11,0
MSG_0725,Your OTP for transaction is 859587. Do not share it with anyone.,Banking,0,SMS,your otp for transaction is 859587 do not share it with anyone,64,12,0
MSG_0726,Reminder: Doctor appointment scheduled for tomorrow at 4 PM.,Legitimate,0,WhatsApp,reminder doctor appointment scheduled for tomorrow at 4 pm,60,9,0
MSG_0727,Your monthly electricity bill is Rs. 192276. Due date is 15th.,Legitimate,0,WhatsApp,your monthly electricity bill is rs 192276 due date is 15th,62,11,0
MSG_0728,Reminder: Doctor appointment scheduled for tomorrow at 4 PM.,Legitimate,0,WhatsApp,reminder doctor appointment scheduled for tomorrow at 4 pm,60,9,0
MSG_0729,"Hi Mom, I lost my phone. Send Rs. 107273 to this account urgently, need help.",Impersonation,1,User Report,hi mom i lost my phone send rs 107273 to this account urgently need help,77,15,1
MSG_0730,"Hi, please review the document attached for tomorrow's meeting.",Legitimate,0,WhatsApp,hi please review the document attached for tomorrows meeting,63,9,0
MSG_0731,Urgent: Your parcel is held at customs. Pay Rs. 2819 clearance fee to deliver.,Payment,1,WhatsApp,urgent your parcel is held at customs pay rs 2819 clearance fee to deliver,78,14,1
MSG_0732,Your monthly electricity bill is Rs. 355448. Due date is 15th.,Legitimate,0,WhatsApp,your monthly electricity bill is rs 355448 due date is 15th,62,11,0
MSG_0733,Your package from Daraz has been dispatched. Track at official app.,Legitimate,0,User Report,your package from daraz has been dispatched track at official app,67,11,0
MSG_0734,"Hi Mom, I lost my phone. Send Rs. 266853 to this account urgently, need help.",Impersonation,1,WhatsApp,hi mom i lost my phone send rs 266853 to this account urgently need help,77,15,1
MSG_0735,"Dear customer, your bank account is suspended. Click link to verify details immediately.",Banking,1,WhatsApp,dear customer your bank account is suspended click link to verify details immediately,88,13,1
MSG_0736,"Hi Mom, I lost my phone. Send Rs. 41824 to this account urgently, need help.",Impersonation,1,SMS,hi mom i lost my phone send rs 41824 to this account urgently need help,76,15,1
MSG_0737,Your monthly electricity bill is Rs. 149363. Due date is 15th.,Legitimate,0,SMS,your monthly electricity bill is rs 149363 due date is 15th,62,11,0
MSG_0738,Your package from Daraz has been dispatched. Track at official app.,Legitimate,0,User Report,your package from daraz has been dispatched track at official app,67,11,0
MSG_0739,"Dear customer, your bank account is suspended. Click link to verify details immediately.",Banking,1,User Report,dear customer your bank account is suspended click link to verify details immediately,88,13,1
MSG_0740,"Hi Mom, I lost my phone. Send Rs. 65319 to this account urgently, need help.",Impersonation,1,WhatsApp,hi mom i lost my phone send rs 65319 to this account urgently need help,76,15,1
MSG_0741,Your package from Daraz has been dispatched. Track at official app.,Legitimate,0,User Report,your package from daraz has been dispatched track at official app,67,11,0
MSG_0742,Earn Rs. 483162 daily by watching YouTube videos! Contact WhatsApp +923007236418.,Fake Job,1,SMS,earn rs 483162 daily by watching youtube videos contact whatsapp PHONE,81,11,0
MSG_0743,"Hi Mom, I lost my phone. Send Rs. 179581 to this account urgently, need help.",Impersonation,1,SMS,hi mom i lost my phone send rs 179581 to this account urgently need help,77,15,1
MSG_0744,Earn Rs. 247189 daily by watching YouTube videos! Contact WhatsApp +923001581546.,Fake Job,1,SMS,earn rs 247189 daily by watching youtube videos contact whatsapp PHONE,81,11,0
MSG_0745,Your monthly electricity bill is Rs. 80823. Due date is 15th.,Legitimate,0,WhatsApp,your monthly electricity bill is rs 80823 due date is 15th,61,11,0
MSG_0746,Congratulations! You won Rs. 414500. Pay Rs. 2760 processing fee to claim instantly.,Prize,1,WhatsApp,congratulations you won rs 414500 pay rs 2760 processing fee to claim instantly,84,13,1
MSG_0747,Reminder: Doctor appointment scheduled for tomorrow at 4 PM.,Legitimate,0,User Report,reminder doctor appointment scheduled for tomorrow at 4 pm,60,9,0
MSG_0748,Your package from Daraz has been dispatched. Track at official app.,Legitimate,0,User Report,your package from daraz has been dispatched track at official app,67,11,0
MSG_0749,Your OTP for transaction is 281301. Do not share it with anyone.,Banking,0,User Report,your otp for transaction is 281301 do not share it with anyone,64,12,0
MSG_0750,Your monthly electricity bill is Rs. 346726. Due date is 15th.,Legitimate,0,WhatsApp,your monthly electricity bill is rs 346726 due date is 15th,62,11,0
MSG_0751,"Hi, please review the document attached for tomorrow's meeting.",Legitimate,0,User Report,hi please review the document attached for tomorrows meeting,63,9,0
MSG_0752,Reminder: Doctor appointment scheduled for tomorrow at 4 PM.,Legitimate,0,User Report,reminder doctor appointment scheduled for tomorrow at 4 pm,60,9,0
MSG_0753,"Hi, please review the document attached for tomorrow's meeting.",Legitimate,0,SMS,hi please review the document attached for tomorrows meeting,63,9,0
MSG_0754,Your package from Daraz has been dispatched. Track at official app.,Legitimate,0,SMS,your package from daraz has been dispatched track at official app,67,11,0
MSG_0755,Reminder: Doctor appointment scheduled for tomorrow at 4 PM.,Legitimate,0,WhatsApp,reminder doctor appointment scheduled for tomorrow at 4 pm,60,9,0
MSG_0756,Urgent: Your parcel is held at customs. Pay Rs. 1568 clearance fee to deliver.,Payment,1,SMS,urgent your parcel is held at customs pay rs 1568 clearance fee to deliver,78,14,1
MSG_0757,"Hi Mom, I lost my phone. Send Rs. 309541 to this account urgently, need help.",Impersonation,1,WhatsApp,hi mom i lost my phone send rs 309541 to this account urgently need help,77,15,1
MSG_0758,Your OTP for transaction is 817999. Do not share it with anyone.,Banking,0,WhatsApp,your otp for transaction is 817999 do not share it with anyone,64,12,0
MSG_0759,Guaranteed 39% weekly return on crypto investment. Deposit now to secure your spot.,Investment,1,User Report,guaranteed 39 weekly return on crypto investment deposit now to secure your spot,83,13,0
MSG_0760,"Hi, please review the document attached for tomorrow's meeting.",Legitimate,0,User Report,hi please review the document attached for tomorrows meeting,63,9,0
MSG_0761,Reminder: Doctor appointment scheduled for tomorrow at 4 PM.,Legitimate,0,WhatsApp,reminder doctor appointment scheduled for tomorrow at 4 pm,60,9,0
MSG_0762,Your OTP for transaction is 751168. Do not share it with anyone.,Banking,0,SMS,your otp for transaction is 751168 do not share it with anyone,64,12,0
MSG_0763,"Hi, please review the document attached for tomorrow's meeting.",Legitimate,0,WhatsApp,hi please review the document attached for tomorrows meeting,63,9,0
MSG_0764,"Dear customer, your bank account is suspended. Click link to verify details immediately.",Banking,1,SMS,dear customer your bank account is suspended click link to verify details immediately,88,13,1
MSG_0765,Urgent: Your parcel is held at customs. Pay Rs. 1657 clearance fee to deliver.,Payment,1,User Report,urgent your parcel is held at customs pay rs 1657 clearance fee to deliver,78,14,1
MSG_0766,"Hi, please review the document attached for tomorrow's meeting.",Legitimate,0,WhatsApp,hi please review the document attached for tomorrows meeting,63,9,0
MSG_0767,"Hi Mom, I lost my phone. Send Rs. 14369 to this account urgently, need help.",Impersonation,1,User Report,hi mom i lost my phone send rs 14369 to this account urgently need help,76,15,1
MSG_0768,Congratulations! You won Rs. 20002. Pay Rs. 2896 processing fee to claim instantly.,Prize,1,SMS,congratulations you won rs 20002 pay rs 2896 processing fee to claim instantly,83,13,1
MSG_0769,"Hi, please review the document attached for tomorrow's meeting.",Legitimate,0,User Report,hi please review the document attached for tomorrows meeting,63,9,0
MSG_0770,Urgent: Your parcel is held at customs. Pay Rs. 676 clearance fee to deliver.,Payment,1,SMS,urgent your parcel is held at customs pay rs 676 clearance fee to deliver,77,14,1
MSG_0771,Guaranteed 17% weekly return on crypto investment. Deposit now to secure your spot.,Investment,1,SMS,guaranteed 17 weekly return on crypto investment deposit now to secure your spot,83,13,0
MSG_0772,"Dear customer, your bank account is suspended. Click link to verify details immediately.",Banking,1,SMS,dear customer your bank account is suspended click link to verify details immediately,88,13,1
MSG_0773,Your monthly electricity bill is Rs. 156902. Due date is 15th.,Legitimate,0,User Report,your monthly electricity bill is rs 156902 due date is 15th,62,11,0
MSG_0774,Your OTP for transaction is 810929. Do not share it with anyone.,Banking,0,SMS,your otp for transaction is 810929 do not share it with anyone,64,12,0
MSG_0775,Your monthly electricity bill is Rs. 90084. Due date is 15th.,Legitimate,0,SMS,your monthly electricity bill is rs 90084 due date is 15th,61,11,0
MSG_0776,Your package from Daraz has been dispatched. Track at official app.,Legitimate,0,WhatsApp,your package from daraz has been dispatched track at official app,67,11,0
MSG_0777,"Hi Mom, I lost my phone. Send Rs. 379694 to this account urgently, need help.",Impersonation,1,User Report,hi mom i lost my phone send rs 379694 to this account urgently need help,77,15,1
MSG_0778,"Hi, please review the document attached for tomorrow's meeting.",Legitimate,0,WhatsApp,hi please review the document attached for tomorrows meeting,63,9,0
MSG_0779,"Hi, please review the document attached for tomorrow's meeting.",Legitimate,0,User Report,hi please review the document attached for tomorrows meeting,63,9,0
MSG_0780,"Dear customer, your bank account is suspended. Click link to verify details immediately.",Banking,1,WhatsApp,dear customer your bank account is suspended click link to verify details immediately,88,13,1
MSG_0781,Urgent: Your parcel is held at customs. Pay Rs. 2391 clearance fee to deliver.,Payment,1,User Report,urgent your parcel is held at customs pay rs 2391 clearance fee to deliver,78,14,1
MSG_0782,"Hi, please review the document attached for tomorrow's meeting.",Legitimate,0,User Report,hi please review the document attached for tomorrows meeting,63,9,0
MSG_0783,"Dear customer, your bank account is suspended. Click link to verify details immediately.",Banking,1,WhatsApp,dear customer your bank account is suspended click link to verify details immediately,88,13,1
MSG_0784,Your package from Daraz has been dispatched. Track at official app.,Legitimate,0,WhatsApp,your package from daraz has been dispatched track at official app,67,11,0
MSG_0785,Your package from Daraz has been dispatched. Track at official app.,Legitimate,0,User Report,your package from daraz has been dispatched track at official app,67,11,0
MSG_0786,Guaranteed 69% weekly return on crypto investment. Deposit now to secure your spot.,Investment,1,User Report,guaranteed 69 weekly return on crypto investment deposit now to secure your spot,83,13,0
MSG_0787,"Hi Mom, I lost my phone. Send Rs. 174048 to this account urgently, need help.",Impersonation,1,User Report,hi mom i lost my phone send rs 174048 to this account urgently need help,77,15,1
MSG_0788,Your monthly electricity bill is Rs. 67313. Due date is 15th.,Legitimate,0,WhatsApp,your monthly electricity bill is rs 67313 due date is 15th,61,11,0
MSG_0789,"Hi Mom, I lost my phone. Send Rs. 30579 to this account urgently, need help.",Impersonation,1,WhatsApp,hi mom i lost my phone send rs 30579 to this account urgently need help,76,15,1
MSG_0790,Guaranteed 51% weekly return on crypto investment. Deposit now to secure your spot.,Investment,1,SMS,guaranteed 51 weekly return on crypto investment deposit now to secure your spot,83,13,0
MSG_0791,Urgent: Your parcel is held at customs. Pay Rs. 946 clearance fee to deliver.,Payment,1,User Report,urgent your parcel is held at customs pay rs 946 clearance fee to deliver,77,14,1
MSG_0792,Congratulations! You won Rs. 388875. Pay Rs. 4601 processing fee to claim instantly.,Prize,1,SMS,congratulations you won rs 388875 pay rs 4601 processing fee to claim instantly,84,13,1
MSG_0793,Earn Rs. 246394 daily by watching YouTube videos! Contact WhatsApp +923004387856.,Fake Job,1,SMS,earn rs 246394 daily by watching youtube videos contact whatsapp PHONE,81,11,0
MSG_0794,"Hi, please review the document attached for tomorrow's meeting.",Legitimate,0,User Report,hi please review the document attached for tomorrows meeting,63,9,0
MSG_0795,"Hi Mom, I lost my phone. Send Rs. 200286 to this account urgently, need help.",Impersonation,1,User Report,hi mom i lost my phone send rs 200286 to this account urgently need help,77,15,1
MSG_0796,Reminder: Doctor appointment scheduled for tomorrow at 4 PM.,Legitimate,0,SMS,reminder doctor appointment scheduled for tomorrow at 4 pm,60,9,0
MSG_0797,Your package from Daraz has been dispatched. Track at official app.,Legitimate,0,SMS,your package from daraz has been dispatched track at official app,67,11,0
MSG_0798,Earn Rs. 392815 daily by watching YouTube videos! Contact WhatsApp +923004031576.,Fake Job,1,WhatsApp,earn rs 392815 daily by watching youtube videos contact whatsapp PHONE,81,11,0
MSG_0799,Your package from Daraz has been dispatched. Track at official app.,Legitimate,0,SMS,your package from daraz has been dispatched track at official app,67,11,0
MSG_0800,Your monthly electricity bill is Rs. 472790. Due date is 15th.,Legitimate,0,SMS,your monthly electricity bill is rs 472790 due date is 15th,62,11,0
MSG_0801,Guaranteed 46% weekly return on crypto investment. Deposit now to secure your spot.,Investment,1,User Report,guaranteed 46 weekly return on crypto investment deposit now to secure your spot,83,13,0
MSG_0802,Your OTP for transaction is 785010. Do not share it with anyone.,Banking,0,WhatsApp,your otp for transaction is 785010 do not share it with anyone,64,12,0
MSG_0803,Your OTP for transaction is 191962. Do not share it with anyone.,Banking,0,WhatsApp,your otp for transaction is 191962 do not share it with anyone,64,12,0
MSG_0804,"Dear customer, your bank account is suspended. Click link to verify details immediately.",Banking,1,SMS,dear customer your bank account is suspended click link to verify details immediately,88,13,1
MSG_0805,Congratulations! You won Rs. 58824. Pay Rs. 2951 processing fee to claim instantly.,Prize,1,WhatsApp,congratulations you won rs 58824 pay rs 2951 processing fee to claim instantly,83,13,1
MSG_0806,Urgent: Your parcel is held at customs. Pay Rs. 2898 clearance fee to deliver.,Payment,1,User Report,urgent your parcel is held at customs pay rs 2898 clearance fee to deliver,78,14,1
MSG_0807,Earn Rs. 286327 daily by watching YouTube videos! Contact WhatsApp +923004507293.,Fake Job,1,User Report,earn rs 286327 daily by watching youtube videos contact whatsapp PHONE,81,11,0
MSG_0808,Your OTP for transaction is 607157. Do not share it with anyone.,Banking,0,SMS,your otp for transaction is 607157 do not share it with anyone,64,12,0
MSG_0809,Earn Rs. 285456 daily by watching YouTube videos! Contact WhatsApp +923009328158.,Fake Job,1,User Report,earn rs 285456 daily by watching youtube videos contact whatsapp PHONE,81,11,0
MSG_0810,Guaranteed 93% weekly return on crypto investment. Deposit now to secure your spot.,Investment,1,WhatsApp,guaranteed 93 weekly return on crypto investment deposit now to secure your spot,83,13,0
MSG_0811,Your OTP for transaction is 935434. Do not share it with anyone.,Banking,0,User Report,your otp for transaction is 935434 do not share it with anyone,64,12,0
MSG_0812,Your monthly electricity bill is Rs. 227386. Due date is 15th.,Legitimate,0,User Report,your monthly electricity bill is rs 227386 due date is 15th,62,11,0
MSG_0813,Your OTP for transaction is 366776. Do not share it with anyone.,Banking,0,SMS,your otp for transaction is 366776 do not share it with anyone,64,12,0
MSG_0814,Urgent: Your parcel is held at customs. Pay Rs. 3153 clearance fee to deliver.,Payment,1,SMS,urgent your parcel is held at customs pay rs 3153 clearance fee to deliver,78,14,1
MSG_0815,"Hi Mom, I lost my phone. Send Rs. 308278 to this account urgently, need help.",Impersonation,1,SMS,hi mom i lost my phone send rs 308278 to this account urgently need help,77,15,1
MSG_0816,Guaranteed 97% weekly return on crypto investment. Deposit now to secure your spot.,Investment,1,WhatsApp,guaranteed 97 weekly return on crypto investment deposit now to secure your spot,83,13,0
MSG_0817,Urgent: Your parcel is held at customs. Pay Rs. 3245 clearance fee to deliver.,Payment,1,User Report,urgent your parcel is held at customs pay rs 3245 clearance fee to deliver,78,14,1
MSG_0818,Your monthly electricity bill is Rs. 166942. Due date is 15th.,Legitimate,0,WhatsApp,your monthly electricity bill is rs 166942 due date is 15th,62,11,0
MSG_0819,Earn Rs. 44714 daily by watching YouTube videos! Contact WhatsApp +923001522998.,Fake Job,1,SMS,earn rs 44714 daily by watching youtube videos contact whatsapp PHONE,80,11,0
MSG_0820,"Hi Mom, I lost my phone. Send Rs. 290113 to this account urgently, need help.",Impersonation,1,WhatsApp,hi mom i lost my phone send rs 290113 to this account urgently need help,77,15,1
MSG_0821,"Hi, please review the document attached for tomorrow's meeting.",Legitimate,0,WhatsApp,hi please review the document attached for tomorrows meeting,63,9,0
MSG_0822,"Dear customer, your bank account is suspended. Click link to verify details immediately.",Banking,1,SMS,dear customer your bank account is suspended click link to verify details immediately,88,13,1
MSG_0823,Your OTP for transaction is 197102. Do not share it with anyone.,Banking,0,User Report,your otp for transaction is 197102 do not share it with anyone,64,12,0
MSG_0824,Reminder: Doctor appointment scheduled for tomorrow at 4 PM.,Legitimate,0,SMS,reminder doctor appointment scheduled for tomorrow at 4 pm,60,9,0
MSG_0825,Earn Rs. 85127 daily by watching YouTube videos! Contact WhatsApp +923003226624.,Fake Job,1,WhatsApp,earn rs 85127 daily by watching youtube videos contact whatsapp PHONE,80,11,0
MSG_0826,Reminder: Doctor appointment scheduled for tomorrow at 4 PM.,Legitimate,0,WhatsApp,reminder doctor appointment scheduled for tomorrow at 4 pm,60,9,0
MSG_0827,"Hi, please review the document attached for tomorrow's meeting.",Legitimate,0,WhatsApp,hi please review the document attached for tomorrows meeting,63,9,0
MSG_0828,"Hi Mom, I lost my phone. Send Rs. 477735 to this account urgently, need help.",Impersonation,1,SMS,hi mom i lost my phone send rs 477735 to this account urgently need help,77,15,1
MSG_0829,Urgent: Your parcel is held at customs. Pay Rs. 4113 clearance fee to deliver.,Payment,1,WhatsApp,urgent your parcel is held at customs pay rs 4113 clearance fee to deliver,78,14,1
MSG_0830,"Hi, please review the document attached for tomorrow's meeting.",Legitimate,0,WhatsApp,hi please review the document attached for tomorrows meeting,63,9,0
MSG_0831,Your monthly electricity bill is Rs. 193667. Due date is 15th.,Legitimate,0,User Report,your monthly electricity bill is rs 193667 due date is 15th,62,11,0
MSG_0832,Urgent: Your parcel is held at customs. Pay Rs. 1903 clearance fee to deliver.,Payment,1,User Report,urgent your parcel is held at customs pay rs 1903 clearance fee to deliver,78,14,1
MSG_0833,Congratulations! You won Rs. 78196. Pay Rs. 737 processing fee to claim instantly.,Prize,1,WhatsApp,congratulations you won rs 78196 pay rs 737 processing fee to claim instantly,82,13,1
MSG_0834,Congratulations! You won Rs. 55151. Pay Rs. 3993 processing fee to claim instantly.,Prize,1,User Report,congratulations you won rs 55151 pay rs 3993 processing fee to claim instantly,83,13,1
MSG_0835,Earn Rs. 184237 daily by watching YouTube videos! Contact WhatsApp +923009950391.,Fake Job,1,WhatsApp,earn rs 184237 daily by watching youtube videos contact whatsapp PHONE,81,11,0
MSG_0836,Urgent: Your parcel is held at customs. Pay Rs. 1261 clearance fee to deliver.,Payment,1,SMS,urgent your parcel is held at customs pay rs 1261 clearance fee to deliver,78,14,1
MSG_0837,Guaranteed 33% weekly return on crypto investment. Deposit now to secure your spot.,Investment,1,SMS,guaranteed 33 weekly return on crypto investment deposit now to secure your spot,83,13,0
MSG_0838,"Dear customer, your bank account is suspended. Click link to verify details immediately.",Banking,1,WhatsApp,dear customer your bank account is suspended click link to verify details immediately,88,13,1
MSG_0839,Reminder: Doctor appointment scheduled for tomorrow at 4 PM.,Legitimate,0,SMS,reminder doctor appointment scheduled for tomorrow at 4 pm,60,9,0
MSG_0840,Urgent: Your parcel is held at customs. Pay Rs. 1543 clearance fee to deliver.,Payment,1,User Report,urgent your parcel is held at customs pay rs 1543 clearance fee to deliver,78,14,1
MSG_0841,"Hi, please review the document attached for tomorrow's meeting.",Legitimate,0,SMS,hi please review the document attached for tomorrows meeting,63,9,0
MSG_0842,"Dear customer, your bank account is suspended. Click link to verify details immediately.",Banking,1,SMS,dear customer your bank account is suspended click link to verify details immediately,88,13,1
MSG_0843,"Hi, please review the document attached for tomorrow's meeting.",Legitimate,0,User Report,hi please review the document attached for tomorrows meeting,63,9,0
MSG_0844,Your package from Daraz has been dispatched. Track at official app.,Legitimate,0,WhatsApp,your package from daraz has been dispatched track at official app,67,11,0
MSG_0845,Earn Rs. 301025 daily by watching YouTube videos! Contact WhatsApp +923006167981.,Fake Job,1,SMS,earn rs 301025 daily by watching youtube videos contact whatsapp PHONE,81,11,0
MSG_0846,Your monthly electricity bill is Rs. 67013. Due date is 15th.,Legitimate,0,WhatsApp,your monthly electricity bill is rs 67013 due date is 15th,61,11,0
MSG_0847,Your package from Daraz has been dispatched. Track at official app.,Legitimate,0,SMS,your package from daraz has been dispatched track at official app,67,11,0
MSG_0848,Guaranteed 40% weekly return on crypto investment. Deposit now to secure your spot.,Investment,1,SMS,guaranteed 40 weekly return on crypto investment deposit now to secure your spot,83,13,0
MSG_0849,Guaranteed 26% weekly return on crypto investment. Deposit now to secure your spot.,Investment,1,User Report,guaranteed 26 weekly return on crypto investment deposit now to secure your spot,83,13,0
MSG_0850,"Dear customer, your bank account is suspended. Click link to verify details immediately.",Banking,1,WhatsApp,dear customer your bank account is suspended click link to verify details immediately,88,13,1
MSG_0851,Congratulations! You won Rs. 461541. Pay Rs. 2811 processing fee to claim instantly.,Prize,1,User Report,congratulations you won rs 461541 pay rs 2811 processing fee to claim instantly,84,13,1
MSG_0852,"Hi Mom, I lost my phone. Send Rs. 176790 to this account urgently, need help.",Impersonation,1,User Report,hi mom i lost my phone send rs 176790 to this account urgently need help,77,15,1
MSG_0853,Your package from Daraz has been dispatched. Track at official app.,Legitimate,0,SMS,your package from daraz has been dispatched track at official app,67,11,0
MSG_0854,"Dear customer, your bank account is suspended. Click link to verify details immediately.",Banking,1,User Report,dear customer your bank account is suspended click link to verify details immediately,88,13,1
MSG_0855,Your package from Daraz has been dispatched. Track at official app.,Legitimate,0,WhatsApp,your package from daraz has been dispatched track at official app,67,11,0
MSG_0856,Reminder: Doctor appointment scheduled for tomorrow at 4 PM.,Legitimate,0,SMS,reminder doctor appointment scheduled for tomorrow at 4 pm,60,9,0
MSG_0857,Urgent: Your parcel is held at customs. Pay Rs. 4186 clearance fee to deliver.,Payment,1,WhatsApp,urgent your parcel is held at customs pay rs 4186 clearance fee to deliver,78,14,1
MSG_0858,Urgent: Your parcel is held at customs. Pay Rs. 4580 clearance fee to deliver.,Payment,1,SMS,urgent your parcel is held at customs pay rs 4580 clearance fee to deliver,78,14,1
MSG_0859,Urgent: Your parcel is held at customs. Pay Rs. 3506 clearance fee to deliver.,Payment,1,User Report,urgent your parcel is held at customs pay rs 3506 clearance fee to deliver,78,14,1
MSG_0860,Congratulations! You won Rs. 314227. Pay Rs. 4444 processing fee to claim instantly.,Prize,1,SMS,congratulations you won rs 314227 pay rs 4444 processing fee to claim instantly,84,13,1
MSG_0861,Urgent: Your parcel is held at customs. Pay Rs. 4787 clearance fee to deliver.,Payment,1,SMS,urgent your parcel is held at customs pay rs 4787 clearance fee to deliver,78,14,1
MSG_0862,Your monthly electricity bill is Rs. 428433. Due date is 15th.,Legitimate,0,User Report,your monthly electricity bill is rs 428433 due date is 15th,62,11,0
MSG_0863,Reminder: Doctor appointment scheduled for tomorrow at 4 PM.,Legitimate,0,SMS,reminder doctor appointment scheduled for tomorrow at 4 pm,60,9,0
MSG_0864,Earn Rs. 161628 daily by watching YouTube videos! Contact WhatsApp +923006101462.,Fake Job,1,User Report,earn rs 161628 daily by watching youtube videos contact whatsapp PHONE,81,11,0
MSG_0865,Congratulations! You won Rs. 339934. Pay Rs. 4376 processing fee to claim instantly.,Prize,1,User Report,congratulations you won rs 339934 pay rs 4376 processing fee to claim instantly,84,13,1
MSG_0866,"Hi Mom, I lost my phone. Send Rs. 337321 to this account urgently, need help.",Impersonation,1,WhatsApp,hi mom i lost my phone send rs 337321 to this account urgently need help,77,15,1
MSG_0867,"Hi, please review the document attached for tomorrow's meeting.",Legitimate,0,SMS,hi please review the document attached for tomorrows meeting,63,9,0
MSG_0868,Your OTP for transaction is 874863. Do not share it with anyone.,Banking,0,User Report,your otp for transaction is 874863 do not share it with anyone,64,12,0
MSG_0869,Earn Rs. 433541 daily by watching YouTube videos! Contact WhatsApp +923004962709.,Fake Job,1,SMS,earn rs 433541 daily by watching youtube videos contact whatsapp PHONE,81,11,0
MSG_0870,Your monthly electricity bill is Rs. 461943. Due date is 15th.,Legitimate,0,User Report,your monthly electricity bill is rs 461943 due date is 15th,62,11,0
MSG_0871,Reminder: Doctor appointment scheduled for tomorrow at 4 PM.,Legitimate,0,User Report,reminder doctor appointment scheduled for tomorrow at 4 pm,60,9,0
MSG_0872,Your package from Daraz has been dispatched. Track at official app.,Legitimate,0,WhatsApp,your package from daraz has been dispatched track at official app,67,11,0
MSG_0873,Your package from Daraz has been dispatched. Track at official app.,Legitimate,0,User Report,your package from daraz has been dispatched track at official app,67,11,0
MSG_0874,Reminder: Doctor appointment scheduled for tomorrow at 4 PM.,Legitimate,0,User Report,reminder doctor appointment scheduled for tomorrow at 4 pm,60,9,0
MSG_0875,Congratulations! You won Rs. 161410. Pay Rs. 4176 processing fee to claim instantly.,Prize,1,User Report,congratulations you won rs 161410 pay rs 4176 processing fee to claim instantly,84,13,1
MSG_0876,Your OTP for transaction is 471015. Do not share it with anyone.,Banking,0,User Report,your otp for transaction is 471015 do not share it with anyone,64,12,0
MSG_0877,Earn Rs. 151728 daily by watching YouTube videos! Contact WhatsApp +923007562471.,Fake Job,1,SMS,earn rs 151728 daily by watching youtube videos contact whatsapp PHONE,81,11,0
MSG_0878,Your monthly electricity bill is Rs. 413962. Due date is 15th.,Legitimate,0,SMS,your monthly electricity bill is rs 413962 due date is 15th,62,11,0
MSG_0879,Your OTP for transaction is 531225. Do not share it with anyone.,Banking,0,User Report,your otp for transaction is 531225 do not share it with anyone,64,12,0
MSG_0880,Reminder: Doctor appointment scheduled for tomorrow at 4 PM.,Legitimate,0,WhatsApp,reminder doctor appointment scheduled for tomorrow at 4 pm,60,9,0
MSG_0881,Your monthly electricity bill is Rs. 58203. Due date is 15th.,Legitimate,0,User Report,your monthly electricity bill is rs 58203 due date is 15th,61,11,0
MSG_0882,Your OTP for transaction is 788279. Do not share it with anyone.,Banking,0,WhatsApp,your otp for transaction is 788279 do not share it with anyone,64,12,0
MSG_0883,"Hi, please review the document attached for tomorrow's meeting.",Legitimate,0,SMS,hi please review the document attached for tomorrows meeting,63,9,0
MSG_0884,"Hi Mom, I lost my phone. Send Rs. 483637 to this account urgently, need help.",Impersonation,1,SMS,hi mom i lost my phone send rs 483637 to this account urgently need help,77,15,1
MSG_0885,Reminder: Doctor appointment scheduled for tomorrow at 4 PM.,Legitimate,0,WhatsApp,reminder doctor appointment scheduled for tomorrow at 4 pm,60,9,0
MSG_0886,Congratulations! You won Rs. 267803. Pay Rs. 2143 processing fee to claim instantly.,Prize,1,User Report,congratulations you won rs 267803 pay rs 2143 processing fee to claim instantly,84,13,1
MSG_0887,Congratulations! You won Rs. 85430. Pay Rs. 4928 processing fee to claim instantly.,Prize,1,SMS,congratulations you won rs 85430 pay rs 4928 processing fee to claim instantly,83,13,1
MSG_0888,Congratulations! You won Rs. 28277. Pay Rs. 1097 processing fee to claim instantly.,Prize,1,SMS,congratulations you won rs 28277 pay rs 1097 processing fee to claim instantly,83,13,1
MSG_0889,Reminder: Doctor appointment scheduled for tomorrow at 4 PM.,Legitimate,0,SMS,reminder doctor appointment scheduled for tomorrow at 4 pm,60,9,0
MSG_0890,"Hi, please review the document attached for tomorrow's meeting.",Legitimate,0,User Report,hi please review the document attached for tomorrows meeting,63,9,0
MSG_0891,Guaranteed 23% weekly return on crypto investment. Deposit now to secure your spot.,Investment,1,WhatsApp,guaranteed 23 weekly return on crypto investment deposit now to secure your spot,83,13,0
MSG_0892,"Hi Mom, I lost my phone. Send Rs. 438855 to this account urgently, need help.",Impersonation,1,SMS,hi mom i lost my phone send rs 438855 to this account urgently need help,77,15,1
MSG_0893,"Hi Mom, I lost my phone. Send Rs. 168769 to this account urgently, need help.",Impersonation,1,SMS,hi mom i lost my phone send rs 168769 to this account urgently need help,77,15,1
MSG_0894,Congratulations! You won Rs. 451021. Pay Rs. 4265 processing fee to claim instantly.,Prize,1,WhatsApp,congratulations you won rs 451021 pay rs 4265 processing fee to claim instantly,84,13,1
MSG_0895,Reminder: Doctor appointment scheduled for tomorrow at 4 PM.,Legitimate,0,WhatsApp,reminder doctor appointment scheduled for tomorrow at 4 pm,60,9,0
MSG_0896,Guaranteed 39% weekly return on crypto investment. Deposit now to secure your spot.,Investment,1,WhatsApp,guaranteed 39 weekly return on crypto investment deposit now to secure your spot,83,13,0
MSG_0897,Your monthly electricity bill is Rs. 135034. Due date is 15th.,Legitimate,0,SMS,your monthly electricity bill is rs 135034 due date is 15th,62,11,0
MSG_0898,Congratulations! You won Rs. 29421. Pay Rs. 3279 processing fee to claim instantly.,Prize,1,SMS,congratulations you won rs 29421 pay rs 3279 processing fee to claim instantly,83,13,1
MSG_0899,Your package from Daraz has been dispatched. Track at official app.,Legitimate,0,User Report,your package from daraz has been dispatched track at official app,67,11,0
MSG_0900,Your OTP for transaction is 785592. Do not share it with anyone.,Banking,0,SMS,your otp for transaction is 785592 do not share it with anyone,64,12,0
MSG_0901,Your package from Daraz has been dispatched. Track at official app.,Legitimate,0,SMS,your package from daraz has been dispatched track at official app,67,11,0
MSG_0902,Reminder: Doctor appointment scheduled for tomorrow at 4 PM.,Legitimate,0,WhatsApp,reminder doctor appointment scheduled for tomorrow at 4 pm,60,9,0
MSG_0903,Urgent: Your parcel is held at customs. Pay Rs. 2306 clearance fee to deliver.,Payment,1,SMS,urgent your parcel is held at customs pay rs 2306 clearance fee to deliver,78,14,1
MSG_0904,"Hi Mom, I lost my phone. Send Rs. 365675 to this account urgently, need help.",Impersonation,1,SMS,hi mom i lost my phone send rs 365675 to this account urgently need help,77,15,1
MSG_0905,Your OTP for transaction is 166292. Do not share it with anyone.,Banking,0,SMS,your otp for transaction is 166292 do not share it with anyone,64,12,0
MSG_0906,Reminder: Doctor appointment scheduled for tomorrow at 4 PM.,Legitimate,0,WhatsApp,reminder doctor appointment scheduled for tomorrow at 4 pm,60,9,0
MSG_0907,Your package from Daraz has been dispatched. Track at official app.,Legitimate,0,WhatsApp,your package from daraz has been dispatched track at official app,67,11,0
MSG_0908,Your OTP for transaction is 722571. Do not share it with anyone.,Banking,0,SMS,your otp for transaction is 722571 do not share it with anyone,64,12,0
MSG_0909,"Hi Mom, I lost my phone. Send Rs. 76528 to this account urgently, need help.",Impersonation,1,User Report,hi mom i lost my phone send rs 76528 to this account urgently need help,76,15,1
MSG_0910,Guaranteed 93% weekly return on crypto investment. Deposit now to secure your spot.,Investment,1,User Report,guaranteed 93 weekly return on crypto investment deposit now to secure your spot,83,13,0
MSG_0911,Reminder: Doctor appointment scheduled for tomorrow at 4 PM.,Legitimate,0,SMS,reminder doctor appointment scheduled for tomorrow at 4 pm,60,9,0
MSG_0912,Congratulations! You won Rs. 302400. Pay Rs. 2430 processing fee to claim instantly.,Prize,1,WhatsApp,congratulations you won rs 302400 pay rs 2430 processing fee to claim instantly,84,13,1
MSG_0913,Urgent: Your parcel is held at customs. Pay Rs. 2296 clearance fee to deliver.,Payment,1,SMS,urgent your parcel is held at customs pay rs 2296 clearance fee to deliver,78,14,1
MSG_0914,Your package from Daraz has been dispatched. Track at official app.,Legitimate,0,WhatsApp,your package from daraz has been dispatched track at official app,67,11,0
MSG_0915,Your OTP for transaction is 319770. Do not share it with anyone.,Banking,0,SMS,your otp for transaction is 319770 do not share it with anyone,64,12,0
MSG_0916,Urgent: Your parcel is held at customs. Pay Rs. 4212 clearance fee to deliver.,Payment,1,User Report,urgent your parcel is held at customs pay rs 4212 clearance fee to deliver,78,14,1
MSG_0917,Your package from Daraz has been dispatched. Track at official app.,Legitimate,0,WhatsApp,your package from daraz has been dispatched track at official app,67,11,0
MSG_0918,Reminder: Doctor appointment scheduled for tomorrow at 4 PM.,Legitimate,0,WhatsApp,reminder doctor appointment scheduled for tomorrow at 4 pm,60,9,0
MSG_0919,"Hi, please review the document attached for tomorrow's meeting.",Legitimate,0,WhatsApp,hi please review the document attached for tomorrows meeting,63,9,0
MSG_0920,"Dear customer, your bank account is suspended. Click link to verify details immediately.",Banking,1,SMS,dear customer your bank account is suspended click link to verify details immediately,88,13,1
MSG_0921,Your package from Daraz has been dispatched. Track at official app.,Legitimate,0,WhatsApp,your package from daraz has been dispatched track at official app,67,11,0
MSG_0922,"Hi Mom, I lost my phone. Send Rs. 111793 to this account urgently, need help.",Impersonation,1,WhatsApp,hi mom i lost my phone send rs 111793 to this account urgently need help,77,15,1
MSG_0923,Your monthly electricity bill is Rs. 41274. Due date is 15th.,Legitimate,0,SMS,your monthly electricity bill is rs 41274 due date is 15th,61,11,0
MSG_0924,"Dear customer, your bank account is suspended. Click link to verify details immediately.",Banking,1,User Report,dear customer your bank account is suspended click link to verify details immediately,88,13,1
MSG_0925,Your monthly electricity bill is Rs. 299803. Due date is 15th.,Legitimate,0,SMS,your monthly electricity bill is rs 299803 due date is 15th,62,11,0
MSG_0926,Your monthly electricity bill is Rs. 258244. Due date is 15th.,Legitimate,0,User Report,your monthly electricity bill is rs 258244 due date is 15th,62,11,0
MSG_0927,Your package from Daraz has been dispatched. Track at official app.,Legitimate,0,User Report,your package from daraz has been dispatched track at official app,67,11,0
MSG_0928,Reminder: Doctor appointment scheduled for tomorrow at 4 PM.,Legitimate,0,WhatsApp,reminder doctor appointment scheduled for tomorrow at 4 pm,60,9,0
MSG_0929,Urgent: Your parcel is held at customs. Pay Rs. 4426 clearance fee to deliver.,Payment,1,WhatsApp,urgent your parcel is held at customs pay rs 4426 clearance fee to deliver,78,14,1
MSG_0930,Your monthly electricity bill is Rs. 404830. Due date is 15th.,Legitimate,0,SMS,your monthly electricity bill is rs 404830 due date is 15th,62,11,0
MSG_0931,"Dear customer, your bank account is suspended. Click link to verify details immediately.",Banking,1,WhatsApp,dear customer your bank account is suspended click link to verify details immediately,88,13,1
MSG_0932,Urgent: Your parcel is held at customs. Pay Rs. 699 clearance fee to deliver.,Payment,1,User Report,urgent your parcel is held at customs pay rs 699 clearance fee to deliver,77,14,1
MSG_0933,"Dear customer, your bank account is suspended. Click link to verify details immediately.",Banking,1,User Report,dear customer your bank account is suspended click link to verify details immediately,88,13,1
MSG_0934,Reminder: Doctor appointment scheduled for tomorrow at 4 PM.,Legitimate,0,SMS,reminder doctor appointment scheduled for tomorrow at 4 pm,60,9,0
MSG_0935,"Hi Mom, I lost my phone. Send Rs. 331127 to this account urgently, need help.",Impersonation,1,User Report,hi mom i lost my phone send rs 331127 to this account urgently need help,77,15,1
MSG_0936,Your monthly electricity bill is Rs. 471817. Due date is 15th.,Legitimate,0,WhatsApp,your monthly electricity bill is rs 471817 due date is 15th,62,11,0
MSG_0937,Reminder: Doctor appointment scheduled for tomorrow at 4 PM.,Legitimate,0,SMS,reminder doctor appointment scheduled for tomorrow at 4 pm,60,9,0
MSG_0938,Your monthly electricity bill is Rs. 379556. Due date is 15th.,Legitimate,0,WhatsApp,your monthly electricity bill is rs 379556 due date is 15th,62,11,0
MSG_0939,"Dear customer, your bank account is suspended. Click link to verify details immediately.",Banking,1,User Report,dear customer your bank account is suspended click link to verify details immediately,88,13,1
MSG_0940,"Hi, please review the document attached for tomorrow's meeting.",Legitimate,0,SMS,hi please review the document attached for tomorrows meeting,63,9,0
MSG_0941,Your OTP for transaction is 609845. Do not share it with anyone.,Banking,0,User Report,your otp for transaction is 609845 do not share it with anyone,64,12,0
MSG_0942,Reminder: Doctor appointment scheduled for tomorrow at 4 PM.,Legitimate,0,User Report,reminder doctor appointment scheduled for tomorrow at 4 pm,60,9,0
MSG_0943,"Hi Mom, I lost my phone. Send Rs. 373448 to this account urgently, need help.",Impersonation,1,WhatsApp,hi mom i lost my phone send rs 373448 to this account urgently need help,77,15,1
MSG_0944,"Dear customer, your bank account is suspended. Click link to verify details immediately.",Banking,1,WhatsApp,dear customer your bank account is suspended click link to verify details immediately,88,13,1
MSG_0945,Reminder: Doctor appointment scheduled for tomorrow at 4 PM.,Legitimate,0,SMS,reminder doctor appointment scheduled for tomorrow at 4 pm,60,9,0
MSG_0946,"Hi Mom, I lost my phone. Send Rs. 293867 to this account urgently, need help.",Impersonation,1,SMS,hi mom i lost my phone send rs 293867 to this account urgently need help,77,15,1
MSG_0947,"Hi, please review the document attached for tomorrow's meeting.",Legitimate,0,User Report,hi please review the document attached for tomorrows meeting,63,9,0
MSG_0948,Guaranteed 98% weekly return on crypto investment. Deposit now to secure your spot.,Investment,1,SMS,guaranteed 98 weekly return on crypto investment deposit now to secure your spot,83,13,0
MSG_0949,Guaranteed 54% weekly return on crypto investment. Deposit now to secure your spot.,Investment,1,WhatsApp,guaranteed 54 weekly return on crypto investment deposit now to secure your spot,83,13,0
MSG_0950,Earn Rs. 161071 daily by watching YouTube videos! Contact WhatsApp +923005771138.,Fake Job,1,SMS,earn rs 161071 daily by watching youtube videos contact whatsapp PHONE,81,11,0
MSG_0951,Your monthly electricity bill is Rs. 494511. Due date is 15th.,Legitimate,0,WhatsApp,your monthly electricity bill is rs 494511 due date is 15th,62,11,0
MSG_0952,Your package from Daraz has been dispatched. Track at official app.,Legitimate,0,SMS,your package from daraz has been dispatched track at official app,67,11,0
MSG_0953,Earn Rs. 106729 daily by watching YouTube videos! Contact WhatsApp +923001581986.,Fake Job,1,User Report,earn rs 106729 daily by watching youtube videos contact whatsapp PHONE,81,11,0
MSG_0954,Earn Rs. 87565 daily by watching YouTube videos! Contact WhatsApp +923003727935.,Fake Job,1,User Report,earn rs 87565 daily by watching youtube videos contact whatsapp PHONE,80,11,0
MSG_0955,Congratulations! You won Rs. 492572. Pay Rs. 704 processing fee to claim instantly.,Prize,1,SMS,congratulations you won rs 492572 pay rs 704 processing fee to claim instantly,83,13,1
MSG_0956,"Dear customer, your bank account is suspended. Click link to verify details immediately.",Banking,1,SMS,dear customer your bank account is suspended click link to verify details immediately,88,13,1
MSG_0957,Urgent: Your parcel is held at customs. Pay Rs. 1704 clearance fee to deliver.,Payment,1,SMS,urgent your parcel is held at customs pay rs 1704 clearance fee to deliver,78,14,1
MSG_0958,Reminder: Doctor appointment scheduled for tomorrow at 4 PM.,Legitimate,0,SMS,reminder doctor appointment scheduled for tomorrow at 4 pm,60,9,0
MSG_0959,Reminder: Doctor appointment scheduled for tomorrow at 4 PM.,Legitimate,0,SMS,reminder doctor appointment scheduled for tomorrow at 4 pm,60,9,0
MSG_0960,Your monthly electricity bill is Rs. 346232. Due date is 15th.,Legitimate,0,SMS,your monthly electricity bill is rs 346232 due date is 15th,62,11,0
MSG_0961,Your OTP for transaction is 809952. Do not share it with anyone.,Banking,0,User Report,your otp for transaction is 809952 do not share it with anyone,64,12,0
MSG_0962,"Dear customer, your bank account is suspended. Click link to verify details immediately.",Banking,1,WhatsApp,dear customer your bank account is suspended click link to verify details immediately,88,13,1
MSG_0963,Guaranteed 62% weekly return on crypto investment. Deposit now to secure your spot.,Investment,1,WhatsApp,guaranteed 62 weekly return on crypto investment deposit now to secure your spot,83,13,0
MSG_0964,Earn Rs. 194211 daily by watching YouTube videos! Contact WhatsApp +923002469661.,Fake Job,1,WhatsApp,earn rs 194211 daily by watching youtube videos contact whatsapp PHONE,81,11,0
MSG_0965,"Hi Mom, I lost my phone. Send Rs. 227899 to this account urgently, need help.",Impersonation,1,User Report,hi mom i lost my phone send rs 227899 to this account urgently need help,77,15,1
MSG_0966,"Dear customer, your bank account is suspended. Click link to verify details immediately.",Banking,1,SMS,dear customer your bank account is suspended click link to verify details immediately,88,13,1
MSG_0967,Congratulations! You won Rs. 499240. Pay Rs. 3578 processing fee to claim instantly.,Prize,1,User Report,congratulations you won rs 499240 pay rs 3578 processing fee to claim instantly,84,13,1
MSG_0968,Guaranteed 87% weekly return on crypto investment. Deposit now to secure your spot.,Investment,1,WhatsApp,guaranteed 87 weekly return on crypto investment deposit now to secure your spot,83,13,0
MSG_0969,Reminder: Doctor appointment scheduled for tomorrow at 4 PM.,Legitimate,0,User Report,reminder doctor appointment scheduled for tomorrow at 4 pm,60,9,0
MSG_0970,Guaranteed 43% weekly return on crypto investment. Deposit now to secure your spot.,Investment,1,WhatsApp,guaranteed 43 weekly return on crypto investment deposit now to secure your spot,83,13,0
MSG_0971,Earn Rs. 345835 daily by watching YouTube videos! Contact WhatsApp +923005826621.,Fake Job,1,SMS,earn rs 345835 daily by watching youtube videos contact whatsapp PHONE,81,11,0
MSG_0972,Reminder: Doctor appointment scheduled for tomorrow at 4 PM.,Legitimate,0,SMS,reminder doctor appointment scheduled for tomorrow at 4 pm,60,9,0
MSG_0973,Your monthly electricity bill is Rs. 400891. Due date is 15th.,Legitimate,0,SMS,your monthly electricity bill is rs 400891 due date is 15th,62,11,0
MSG_0974,"Hi Mom, I lost my phone. Send Rs. 439014 to this account urgently, need help.",Impersonation,1,SMS,hi mom i lost my phone send rs 439014 to this account urgently need help,77,15,1
MSG_0975,Your monthly electricity bill is Rs. 40676. Due date is 15th.,Legitimate,0,SMS,your monthly electricity bill is rs 40676 due date is 15th,61,11,0
MSG_0976,Your OTP for transaction is 767153. Do not share it with anyone.,Banking,0,WhatsApp,your otp for transaction is 767153 do not share it with anyone,64,12,0
MSG_0977,Earn Rs. 287669 daily by watching YouTube videos! Contact WhatsApp +923004074382.,Fake Job,1,WhatsApp,earn rs 287669 daily by watching youtube videos contact whatsapp PHONE,81,11,0
MSG_0978,Your monthly electricity bill is Rs. 179138. Due date is 15th.,Legitimate,0,WhatsApp,your monthly electricity bill is rs 179138 due date is 15th,62,11,0
MSG_0979,"Dear customer, your bank account is suspended. Click link to verify details immediately.",Banking,1,SMS,dear customer your bank account is suspended click link to verify details immediately,88,13,1
MSG_0980,Earn Rs. 492820 daily by watching YouTube videos! Contact WhatsApp +923003593001.,Fake Job,1,User Report,earn rs 492820 daily by watching youtube videos contact whatsapp PHONE,81,11,0
MSG_0981,Your package from Daraz has been dispatched. Track at official app.,Legitimate,0,SMS,your package from daraz has been dispatched track at official app,67,11,0
MSG_0982,Congratulations! You won Rs. 71113. Pay Rs. 1575 processing fee to claim instantly.,Prize,1,SMS,congratulations you won rs 71113 pay rs 1575 processing fee to claim instantly,83,13,1
MSG_0983,"Dear customer, your bank account is suspended. Click link to verify details immediately.",Banking,1,WhatsApp,dear customer your bank account is suspended click link to verify details immediately,88,13,1
MSG_0984,Congratulations! You won Rs. 400311. Pay Rs. 1471 processing fee to claim instantly.,Prize,1,User Report,congratulations you won rs 400311 pay rs 1471 processing fee to claim instantly,84,13,1
MSG_0985,"Hi, please review the document attached for tomorrow's meeting.",Legitimate,0,User Report,hi please review the document attached for tomorrows meeting,63,9,0
MSG_0986,Your OTP for transaction is 144582. Do not share it with anyone.,Banking,0,WhatsApp,your otp for transaction is 144582 do not share it with anyone,64,12,0
MSG_0987,Your monthly electricity bill is Rs. 320995. Due date is 15th.,Legitimate,0,WhatsApp,your monthly electricity bill is rs 320995 due date is 15th,62,11,0
MSG_0988,"Hi, please review the document attached for tomorrow's meeting.",Legitimate,0,User Report,hi please review the document attached for tomorrows meeting,63,9,0
MSG_0989,Your monthly electricity bill is Rs. 482475. Due date is 15th.,Legitimate,0,WhatsApp,your monthly electricity bill is rs 482475 due date is 15th,62,11,0
MSG_0990,Your package from Daraz has been dispatched. Track at official app.,Legitimate,0,WhatsApp,your package from daraz has been dispatched track at official app,67,11,0
MSG_0991,Your monthly electricity bill is Rs. 308967. Due date is 15th.,Legitimate,0,User Report,your monthly electricity bill is rs 308967 due date is 15th,62,11,0
MSG_0992,Your package from Daraz has been dispatched. Track at official app.,Legitimate,0,WhatsApp,your package from daraz has been dispatched track at official app,67,11,0
MSG_0993,Earn Rs. 376022 daily by watching YouTube videos! Contact WhatsApp +923002800606.,Fake Job,1,WhatsApp,earn rs 376022 daily by watching youtube videos contact whatsapp PHONE,81,11,0
MSG_0994,Guaranteed 80% weekly return on crypto investment. Deposit now to secure your spot.,Investment,1,WhatsApp,guaranteed 80 weekly return on crypto investment deposit now to secure your spot,83,13,0
MSG_0995,Congratulations! You won Rs. 254266. Pay Rs. 1403 processing fee to claim instantly.,Prize,1,SMS,congratulations you won rs 254266 pay rs 1403 processing fee to claim instantly,84,13,1
MSG_0996,Urgent: Your parcel is held at customs. Pay Rs. 832 clearance fee to deliver.,Payment,1,WhatsApp,urgent your parcel is held at customs pay rs 832 clearance fee to deliver,77,14,1
MSG_0997,Earn Rs. 249571 daily by watching YouTube videos! Contact WhatsApp +923007833061.,Fake Job,1,SMS,earn rs 249571 daily by watching youtube videos contact whatsapp PHONE,81,11,0
MSG_0998,"Dear customer, your bank account is suspended. Click link to verify details immediately.",Banking,1,WhatsApp,dear customer your bank account is suspended click link to verify details immediately,88,13,1
MSG_0999,Reminder: Doctor appointment scheduled for tomorrow at 4 PM.,Legitimate,0,User Report,reminder doctor appointment scheduled for tomorrow at 4 pm,60,9,0
MSG_1000,Your OTP for transaction is 828799. Do not share it with anyone.,Banking,0,User Report,your otp for transaction is 828799 do not share it with anyone,64,12,0
